name,search_zone,neighborhood
Bohemian City Center Apartment,Blloku,Blloku
Imagination Inn — 1,Blloku,Blloku
Central Sunset View @ Enjoy Albania Apartments,Blloku,Blloku
Blloku Sweet @ Enjoy Albania Apartments,Blloku,Blloku
Rooftop Apartments Nr:2,Blloku,Myslym Shyri
Scandinavian Apartment • 2 Min Walk to Center,Blloku,Blloku
Central Superior A @ Enjoy Albania Apartments,Blloku,Pazari i Ri
Mango,Blloku,Blloku
Deluxe Room 02 Blloku Area,Blloku,Blloku
Blue Eclipse Apartment 2,Blloku,Blloku
Third floor cozy apartment loft,Blloku,Myslym Shyri
1.City Center Studio-With Great Balcony View.,Blloku,Blloku
Stay At Bazaar|-1Garage Parking|Tirane Center,Blloku,Myslym Shyri
22 Apartments • Luxury Stay • Free Parking,Blloku,Pazari i Ri
Skanderbeg View- Luxury Serviced apartment,Blloku,Blloku
Sunny Cozy Apt • 8 Min to Center • Pets Welcome,Blloku,Blloku
Mia's Place New Bazaar,Blloku,Myslym Shyri
Luxury Panoramic 2 BDR Apartment in city center,Blloku,Myslym Shyri
OVI Center No.2,Blloku,Blloku
Hobbit Inspired Central Studio,Blloku,Blloku
Sindi’s Cozy Studio in the City Center,Blloku,Blloku
Skanderbeg Deluxe C @ Enjoy Albania Apartments,Blloku,Blloku
"""ApHEARTments"" in Tirana City Center",Blloku,Pazari i Ri
"Cozy 1+1 Apartment, Balcony & Views, 5 Min Center",Blloku,Blloku
34°Bs *Tirana New Bazaar City Center,Blloku,Myslym Shyri
Sleeping Chest,Blloku,Blloku
Tirana Central Square,Blloku,Blloku
Skanderbeg Square Tirana Apt,Blloku,Pazari i Ri
Flower apartment free parking,Blloku,Myslym Shyri
New Bazaar Azurè Apartments Tirana,Blloku,Myslym Shyri
Modern Apartment in the City Center of Tirana,Blloku,Blloku
Lovely 1+1 Tirana Center•Self Check-In•Workspace,Blloku,Blloku
My Albanian Apartament,Blloku,Pazari i Ri
Downtown One Central | Perfect Cozy Stay in Center,Blloku,Pazari i Ri
Downtown whispers Studio,Blloku,Pazari i Ri
Apartment 1,Blloku,Blloku
"Excellent  Location
Skanderbeg Square!",Blloku,Selvia
Downtown Dream Duplex,Blloku,Blloku
Hidden gem in heart of the city! Steps to Blloku!,Blloku,Blloku
SOLEiL Ekspozita Old Town Tirana,Blloku,Blloku
"ApHEARTments 4, Clock Tower View, Top Location",Blloku,Myslym Shyri
Pazari Cozy Terrace @ Enjoy Albania Apartments,Blloku,Myslym Shyri
Blloku Deluxe 1BR/AP,Blloku,Blloku
"Bazzarro, centre of Tirana (01)",Blloku,Myslym Shyri
Petro Apartment 1,Blloku,Blloku
Pastel Rooftop @Square w/ 24H Self Check In,Blloku,Pazari i Ri
Skanderbeg Cozy B @ Enjoy Albania Apartments,Blloku,Pazari i Ri
Cozy 1-bedroom apartment in the center of Tirana,Blloku,Myslym Shyri
"Home away from Home 200m2 apt+ patio, near Plaza",Blloku,Blloku
Casa Mama Apartment,Blloku,Blloku
City center Studio 4 at Pazari i Ri,Blloku,Myslym Shyri
Blloku 2 1+1 Luxury Apartament,Blloku,Blloku
RTSH - Elegant 6th-Floor Ap in Tirana,Blloku,Pazari i Ri
Be My Guest - Lovely Home,Blloku,Selvia
Brikena’s Villa - only a 5 min walk from center,Blloku,Blloku
Skanderbeg Central Loft @ Enjoy Albania Apartments,Blloku,Blloku
Adore Apartment City Center,Blloku,Myslym Shyri
Noir Heaven - Sweet Escape Apartments,Blloku,Blloku
Lana Luxe Apartment 3,Blloku,Blloku
Central City Aden's House,Blloku,Blloku
Jacuzzi Living Tirana Center 2,Blloku,Blloku
Great apartament in center of Tirana,Blloku,Myslym Shyri
Cozy flat in the heart of Tirana,Blloku,Blloku
Cute and comfy City Center - Ajia Apartments,Blloku,Myslym Shyri
"City Center Studio 1, Tirana",Blloku,Blloku
Blloku Balcony Apartment,Blloku,Blloku
Blloku 3 Luxury Studio,Blloku,Blloku
"City Center ""Savannah"" Studio Apartment.",Blloku,Pazari i Ri
Green Harmony Premium Apartment *Free Parking*,Blloku,Blloku
The 5th Element-Central Tirana,Blloku,Selvia
Spacious for 4 Guests+Free Parking –Central Tirana,Blloku,Myslym Shyri
Amazing  Top Floor Apartment in the City Center,Blloku,Pazari i Ri
Alta Vista 2 Bedrooms •City View & Private Parking,Blloku,Blloku
Oasis Rooftop Apartment with terrace/city center,Blloku,Blloku
UpTown Apartment - Bllok Area,Blloku,Blloku
Modern New Bazaar Apartment,Blloku,Myslym Shyri
Midtown Studio Apartment-Central 5th,Blloku,Blloku
Vista Luxe Balcony *Free Private Parking*,Blloku,Blloku
"Top Floor Apartment
City Center",Blloku,Pazari i Ri
Rooftop Apartments Nr:4,Blloku,Myslym Shyri
3.City Center Studio-Boulevard View.,Blloku,Blloku
Deluxe Room 25 Blloku Area,Blloku,Blloku
Centerbestview of Tirana,Blloku,Pazari i Ri
Central Kavaja Flat II w/ 24H Self checkin,Blloku,Blloku
Skanderbeg Deluxe A @ Enjoy Albania Apartments,Blloku,Blloku
MiddleNest Central apartment,Blloku,Blloku
Chic 3BR Downtown – AC & secure Parking,Blloku,Myslym Shyri
Prime City Central *Free Underground Parking*,Blloku,Blloku
Top Floor Apartment With Amazing City View,Blloku,Pazari i Ri
The Glass Pyramid,Blloku,Blloku
Exclusive Central Premium Oasis 2 Bedrooms,Blloku,Blloku
Central Flat Tirana,Blloku,Blloku
Rooftop Apartments Nr.3,Blloku,Myslym Shyri
Skanderbeg Deluxe B @ Enjoy Albania Apartments,Blloku,Blloku
Luxurious Central Apartment,Blloku,Blloku
Flora Coffee modern apt 2,Blloku,Blloku
Entire Apartment - Tiranë Centre (2),Blloku,Pazari i Ri
Tirana Center Apartment - One bedroom!,Blloku,Blloku
Tirana Center Apartment - Two bedroom!,Blloku,Blloku
Mabel Apartments,Blloku,Myslym Shyri
Roomy Central 1,Blloku,Pazari i Ri
Skanderbeg Sunset View @ Enjoy Albania Apartments,Blloku,Pazari i Ri
Downtown Deluxe @ Enjoy Albania Apartments,Blloku,Blloku
Pazari Terrace Bar @ Enjoy Albania Apartments,Blloku,Myslym Shyri
Govi Apartment al pieno centro di Tirana,Blloku,Pazari i Ri
Luxurious Panoramic Apartment,Blloku,Blloku
Lala’s Central Tirana Apartments 1,Blloku,Blloku
Central Flat Full Of Sun*Free Underground Parking*,Blloku,Pazari i Ri
Cozy 2-Bedroom Apartment in the Heart of Blloku,Blloku,Blloku
Studio Tirana Center,Blloku,Myslym Shyri
Sieras Brand new Apartment,Kombinat,Kombinat
63’Bs *Condor Studio,Kombinat,Kombinat
Amazing view near Blloku apartment,Kombinat,Blloku
Lively Center of Tirana,Kombinat,Kombinat
Urban Oasis,Kombinat,Kombinat
Modern Palm Escape with Parking,Kombinat,Kombinat
Premium 2 Bedrooms Villa Apt | Balcony & Parking,Kombinat,Kombinat
Luxury Studio,Kombinat,Kombinat
Unique Luxury SPA & Sauna Apartment - Bllok Tirana,Kombinat,Kombinat
Urban Escape Apartment,Kombinat,Kombinat
Luxury Residence 2 Bedroom Luxurious Apartment,Kombinat,Shkoza
Roza's Apartment Tirana Central,Kombinat,Kombinat
Urban City Apartment_Deluxe,Kombinat,Blloku
Floating bed,Kombinat,Kombinat
Cozy Flat | Quiet & Stylish 1BR near Blloku & Lake,Kombinat,Kombinat
Luma Duplex Penthouse by Kondo Stays,Kombinat,Kombinat
Tarraca House,Kombinat,Kombinat
Rolling Apartment Tirana - Near Blloku,Kombinat,Kombinat
Cityscape Tirana 2,Kombinat,Kombinat
"Kika Shanti, Studio, near Artificial Lake",Kombinat,Kombinat
Brand new apartment in a secure building complex,Kombinat,Kombinat
Fiona’s apartment,Kombinat,Kombinat
Mimosa’s Apartment with lovely balcony,Kombinat,Kombinat
Comfortable one bedroom apartment in city center,Kombinat,Blloku
The Exquisite,Kombinat,Kombinat
Cozy 2 Bedroom apartment!,Kombinat,Kombinat
Cozy Apartament,Kombinat,Kombinat
The White Rose Apartment,Kombinat,Blloku
bianco appartment,Kombinat,Kombinat
Miku Apartment-Upscale 2BD With  Spectacular View,Kombinat,Kombinat
Chic Retreat near Tirana's Lake,Kombinat,Kombinat
Central Tirana Oasis – 2nd Floor with Green Views,Kombinat,Kombinat
Fleeville Vicky's Apartment,Kombinat,Blloku
Nuçi's Place 1 - Warm Apt w/bal. 15 min from Bllok,Kombinat,Kombinat
EL-XHO Apartament  102,Kombinat,Kombinat
The Capital Apartment's,Kombinat,Kombinat
Horta’s Home 02,Kombinat,Blloku
Relaxing Apartment near Botanical Garden & Lake,Kombinat,Shkoza
New stylish apartment,Kombinat,Kombinat
Casa del Sol by Kondo Stays,Kombinat,Kombinat
Cozy Apartment Center in Myslym Shyri,Kombinat,Blloku
City Center GuestHouse,Kombinat,Kombinat
New apartment with huge balcony,Kombinat,Kombinat
B44 Apartment Tirana - Self check-in,Kombinat,Kombinat
SELA Studios – Central Stay | Self Check-In,Kombinat,Kombinat
"Tirana Hideaways, Breathtaking View + Free Parking",Kombinat,Shkoza
Oasis Retreat | Spacious | near Lake & Grand Park,Kombinat,Shkoza
Traditional Albanian Cabin,Kombinat,Kombinat
Lana River modern apartment,Kombinat,Kombinat
"Cityscape Tirana: 2BR Kavaja St, 11 FL, Dajti View",Kombinat,Kombinat
Tera Flat,Kombinat,Kombinat
"Lovely, Central Apartment  24H Self Check-In",Kombinat,Blloku
Comfortable studio flat at Smooth Rentals,Kombinat,Kombinat
Central Luxury apartment by Lake!,Kombinat,Shkoza
Bright & Spacious 2BR/2BA | City Walkable,Kombinat,Blloku
Tirana Sunset View Veranda Studio,Kombinat,Kombinat
Silver Apartments Delijorgji,Kombinat,Kombinat
Amary's home!,Kombinat,Blloku
Downtown Ethnica @ Enjoy Albania,Kombinat,Blloku
Imagination Inn — 2,Kombinat,Blloku
Urban Luxury Apartment 1,Kombinat,Blloku
Eja Apartment 4,Kombinat,Kombinat
Modern Apartment Near The Center With Free Parking,Kombinat,Kombinat
Spacious Family Apartment in the Centre of Tirana,Kombinat,Kombinat
TRiPartments - Paris,Kombinat,Blloku
Stylish two bedroom house with private pool,Kombinat,Kombinat
Tirana Stylish Stay,Kombinat,Kombinat
Modern Two Bedrooms Haven*Free Private Parking*,Kombinat,Kombinat
TRiPartments - Solaris,Kombinat,Kombinat
Bllok Scandi Apartments 1,Kombinat,Shkoza
Stylish 1BR Retreat in Vibrant neighborhood,Kombinat,Kombinat
Kika Residence-Perfect 1 Bedroom Apartment,Kombinat,Kombinat
Cozy and Comfy room in Myslym Shyri,Kombinat,Kombinat
Superior Apartment with Balcony,Kombinat,Kombinat
Luxury Residence Skyline,Kombinat,Kombinat
Roza's Studio Tirana Center,Kombinat,Blloku
Altura Apartment by Kondo Stays,Kombinat,Blloku
Olive Garden Terracotta Apartment,Kombinat,Kombinat
Comfortable studio apartment,Kombinat,Kombinat
Cozy Urban Apartment,Kombinat,Kombinat
Skyline urban retreat,Kinostudio,Kinostudio
AK Studio Apartment,Kinostudio,Don Bosko
2 Steps from city center apt.3.2,Kinostudio,Center
Rondine Studio Apartment,Kinostudio,Bulevardi
GEMS City Living,Kinostudio,Center
Quiet Apartment Near Downtown,Kinostudio,Don Bosko
Cozy 2BR Condo • Parking • WiFi • AC • Laundry,Kinostudio,Kinostudio
Mila's place,Kinostudio,Center
Alpha Apartments cozy & spacious,Kinostudio,Bulevardi
Niko's Apartment -1,Kinostudio,Center
Central Reach Apartment | 10 Min Walk from Center,Kinostudio,Center
"Modern Duplex, Central Tirana, Patio, Speed WiFi",Kinostudio,Liqeni
Azurè Veranda 1,Kinostudio,Center
Bliss Apartment,Kinostudio,Kinostudio
Wendy apartments,Kinostudio,Center
DeLux Suite 104,Kinostudio,Center
Huqi Luxury Apartments 2,Kinostudio,Center
Tirana apartment,Kinostudio,Liqeni
Urban Oasis | East of Tirana,Kinostudio,Kinostudio
2 Steps from city center apt 3.1,Kinostudio,Center
Azurè Apartments Luxe 1,Kinostudio,Center
Ajan's Guesthouse,Kinostudio,Liqeni
Hortus Aurantii,Kinostudio,Center
Sunflower Apartment,Kinostudio,Don Bosko
House NANI,Kinostudio,Kinostudio
"Cosy, private apartment in a family villa",Kinostudio,Kinostudio
Modern Comfort | Near City Center,Kinostudio,Kinostudio
Lofty Vibe Tirana,Kinostudio,Center
Bright Modern Designer Apartment,Kinostudio,Kinostudio
Charming Comfort apartment,Kinostudio,Center
Velora Apartment Tirana,Kinostudio,Kinostudio
Solei’s Apartament,Kinostudio,Kinostudio
Ali Demi Apartment Comfortable Tirana Retreat,Kinostudio,Center
Oxhaku’s Apartment,Kinostudio,Liqeni
2 Steps from city center apt 3.4,Kinostudio,Center
Restup Apartments in Tirana 1+1,Kinostudio,Center
Chestnut Yard - Apt garden view,Kinostudio,Liqeni
"""The Garden Loft"" modern apartment in Tirana",Kinostudio,Kinostudio
"MI&DA Apartments, FREE Parking Garage underground",Kinostudio,Don Bosko
Huqi Luxury Apartments 1,Kinostudio,Center
TOMEI Apartment | Stunning City & Mountain View,Kinostudio,Kinostudio
Sunshine Place,Kinostudio,Kinostudio
Cozzy Appartment with Great View and Free Parking,Kinostudio,Kinostudio
Vila Tafa apartments.Just like home. ap 3,Kinostudio,Center
Newly Renovated Urban Oasis,Kinostudio,Kinostudio
Cityscape Oasis,Kinostudio,Liqeni
Central Azurè Apartments,Kinostudio,Center
Te Amantia Apartment,Kinostudio,Kinostudio
Amna's Apartment in Tirana 24H Self Check-in,Kinostudio,Liqeni
Cozy Studio near Tirana center,Kinostudio,Center
Magas Tirana Apartment Near Center,Kinostudio,Center
"Feel at home,ap1.",Kinostudio,Center
Apartament Near the City Center,Kinostudio,Center
Modern Apartment with Terrace-Tirana Luxury living,Kinostudio,Kinostudio
Wendy studio,Kinostudio,Center
Veranda duplex,Kinostudio,Kinostudio
Urban Oasis Mount View,Kinostudio,Kinostudio
Vila TAFA apartments ap4,Kinostudio,Center
Terrace Apartment 2,Kinostudio,Center
Veranda Penthouse E.D Tirana,Kinostudio,Kinostudio
GOA Apartment 2 by Kondo Stays,Kinostudio,Center
"Cosy, small apartment in a family villa",Kinostudio,Kinostudio
SuperHost | SkyView Oasis Premium Apartment,Kinostudio,Kinostudio
Azurè Apartments 3 Free Parking (Studio),Kinostudio,Don Bosko
Peaceful Spot,Kinostudio,Center
Keis Apartments,Kinostudio,Kinostudio
Azurè Studio Apartment 4,Kinostudio,Center
Vila Chaplin Superior,Kinostudio,Center
Sophie’s Apartment,Kinostudio,Center
Terra Cane Apartment,Laprake,Bulevardi
Esi's apartments,Laprake,Bulevardi
Sunny Apartment Tirana,Laprake,Liqeni
Emerald Luxury 1BD Apartment,Laprake,Bulevardi
Apartament super komod në Tiranë,Laprake,Liqeni
Modern Apartment near Center – Cozy & Quiet Area,Laprake,Laprake
Valentino Rest,Laprake,Liqeni
Bree Home,Laprake,Kinostudio
SUKAJ APARTMENT D27,Laprake,Laprake
Luxury studio - near the City Center,Laprake,Bulevardi
Lovely 2-bedroom condo with free parking,Laprake,Liqeni
HAF luxury apartments,Laprake,Bulevardi
Night Star,Laprake,Kinostudio
Zen Stay apartments,Laprake,Bulevardi
Sky Cane Apartment,Laprake,Laprake
Modern Studio- New Building- Quiet Area- Fast Wifi,Laprake,Laprake
Sueño Suit 09,Laprake,Laprake
LOVELY 1-BEDROOM APARTMENT IN TIRANA,Laprake,Laprake
Tirana Ideal Apartment,Laprake,Bulevardi
Holiday apartaments 1+1 nro 105,Laprake,Liqeni
AIZ Apartment in Tirana- Self Check-in 24h,Laprake,Liqeni
Nox Apartments Tirana 1,Laprake,Bulevardi
Modern apartment with all comforts,Laprake,Laprake
Casa mia Tirana,Laprake,Bulevardi
The newspapers apartment,Laprake,Laprake
Spacious and Cozy Apartment - Ajia Apartment,Laprake,Bulevardi
Cosy Stay With Balcony in 5 Maji Street,Laprake,Laprake
Oasis studio apartment Tirana,Laprake,Liqeni
Sueño Apartment 02,Laprake,Laprake
Cozy Apartment Tirana,Laprake,Liqeni
Luxury One Bed Flat in Tirana!,Laprake,Laprake
Mint Center Apartment,Laprake,Bulevardi
EmeraldApartament,Laprake,Liqeni
Urban Village,Laprake,Laprake
Sueño Apartment 04,Laprake,Laprake
Sueño Suit 08,Laprake,Laprake
Realm Tirana,Laprake,Kinostudio
Balcony apartments  1+1 nro 102,Laprake,Liqeni
Sueño Apartment 05,Laprake,Laprake
dianahome1,Laprake,Laprake
Juljet Nest Modern Apartment Balcony City Vibe,Laprake,Liqeni
Welcome at DS' Apartments!,Laprake,Liqeni
Chestnut Yard- Apt with garden view and yard,Laprake,Liqeni
MAin Luxury Apartment in Tirana.,Laprake,Bulevardi
Cheap Studio Flats to rent in Tirana no 6,Laprake,Liqeni
Long term stay Airbnb in Albania no 2,Laprake,Liqeni
Duplex Studio Apartment 1 in Tirana,Laprake,Liqeni
Loe apartament,Laprake,Bulevardi
Sueño Apartment 06,Laprake,Laprake
Sueño Apartment 07,Laprake,Laprake
The Nest Inn Tirana,Laprake,Liqeni
Sueño Apartments 10,Laprake,Laprake
Emerald Apartament,Laprake,Bulevardi
ERG 04 - Apartments Tirana,Laprake,Liqeni
Terrace Escape Studio,Don Bosko,Don Bosko
A&Z hotel,Don Bosko,Don Bosko
Couples Room Sun Lake Villa 7,Don Bosko,Don Bosko
Deluxe Double Room 2,Don Bosko,Don Bosko
"Lovely 1-bedroom condo in Tirana, WiFi/Netflix/AC",Don Bosko,Don Bosko
Spacious & Cozy Family Apt in Sanatorium,Don Bosko,Don Bosko
Klei’s Daily Apartment,Don Bosko,Don Bosko
Family Condo Sun Lake Villa 2,Don Bosko,Don Bosko
Richi’s Guest House,Don Bosko,Don Bosko
City View Serenity,Don Bosko,Don Bosko
Murati Lake View Apartments,Don Bosko,Don Bosko
Sweet escape Flat,Don Bosko,Don Bosko
M21 Apartment,Don Bosko,Don Bosko
Couples Room Sun Lake Villa 6,Don Bosko,Don Bosko
Couples Room Sun Lake Villa 5,Don Bosko,Don Bosko
Couples Room Sun Lake Villa 8,Don Bosko,Don Bosko
Couples Room Sun Lake Villa 6,Don Bosko,Don Bosko
Deluxe Double Room 3,Don Bosko,Don Bosko
Comfy Couple's Stay,Don Bosko,Don Bosko
Condo for Family Sun Lake Villa 1,Don Bosko,Don Bosko
Your Home in Tirana,Don Bosko,Don Bosko
At Your Home Abroad - Apartment in private house,Don Bosko,Don Bosko
Couples Room Sun lake Villa 4,Don Bosko,Don Bosko
Suite 1,Don Bosko,Don Bosko
Apartment 6,Don Bosko,Don Bosko
Mandi Apartments 3,Don Bosko,Don Bosko
Deluxe Double Room 4,Don Bosko,Don Bosko
Short-Term Rental Apartment,Don Bosko,Don Bosko
Residence d’Etoiles,Don Bosko,Ali Demi
King-size bedroom in Tirana,Don Bosko,Don Bosko
Comfy Spacious Apartment,Don Bosko,Don Bosko
3 person room in Tirana,Don Bosko,Don Bosko
Lovely place.,Don Bosko,Don Bosko
Shqiponja Apartament - vendi qe ju ofron qetesine.,Don Bosko,Kinostudio
One Bedroom Apt with garden,Don Bosko,Kinostudio
Apartament 1,Don Bosko,Don Bosko
Alban Apartment,Don Bosko,Kinostudio
Illyrien Elite Tirana,Don Bosko,Don Bosko
Tirana Vibes Apartment,Don Bosko,Kinostudio
Great view P&E apartment Tirana,Don Bosko,Don Bosko
Vila Murati,Don Bosko,Don Bosko
Lovely apartment with parking and very quiet place,Don Bosko,Don Bosko
Suite 6,Don Bosko,Don Bosko
Muraga Villas 1 | Flamuri,Astir,Astir
Kisses from Tirana,Astir,Astir
"Autokton Urban Apartment, Rruga Thoma Filipeu",Astir,Astir
Apartment in Tirana,Astir,Astir
Plant house,Astir,Astir
"Class Apartments
101",Astir,Astir
Apartment at Vila Lila (Free Parking/ Big Balcony),Astir,Kinostudio
F.r.e.s.k Area,Astir,Astir
Amaras apartments,Astir,Astir
Liv Tirana Apartment,Astir,Astir
Jessica Apartments a large space,Astir,Astir
"Class Apartments
102",Astir,Astir
Spacious Apartment with Parking,Astir,Astir
Room 101 with balcony,Astir,Astir
★ Perla Luxury  Penthouse★,Astir,Astir
Your Cozy Home Away from Home,Astir,Astir
Smart Lugano Apartament,Astir,Astir
Beautiful&Cozy flat with a view! 1 Bedroom,Astir,Astir
"""Villa Mira""",Astir,Astir
Muraga Villas 4 | Xhubleta,Astir,Astir
Muraga Villas 3 | Plisi,Astir,Astir
Muraga Villas 2 | Lahuta,Astir,Astir
Cozy Studio with Huge Veranda 12,Astir,Astir
Cosy & Fresk Bunk`art Apartment,Astir,Astir
Family Home,Astir,Astir
"Above the City Retreat | 2BR for 6 Guests ,Fresk",Astir,Astir
Cheerful 2- bedroom villa with indoor fireplace,Astir,Kinostudio
Krigel's Comfy Apartment,Astir,Astir
Apartament for rent,Astir,Astir
Casa a Tirana zona Fresku,Astir,Astir
Standard Double Room with Balcony,Astir,Astir
2-bedroom rental unit in Tirane,Astir,Astir
Flat Tirane,Astir,Astir
Apartment I ri,Astir,Astir
Dajti LoveNest,Astir,Astir
Studio With Mountain View 14,Astir,Astir
New Quiet Villa with patio near city center,Astir,Kinostudio
Green Oasis 2,Astir,Astir
Private home with garden,Astir,Astir
Olive Apartments,Astir,Astir
Cozy apartment in quite area,Astir,Astir
Casa Albo,Astir,Astir
Comfortable 2 Bedroom Flat,Astir,Astir
Room 104 With No Balcony,Astir,Astir
"Nice city view
3.7 km from the center",Astir,Astir
Relax Apartment,Astir,Astir
Dajti Express Home,Astir,Astir
Benis apartment,Astir,Astir
"Villa VSV: ""Parking Spot + View""",Kashar,Kashar
Best comfort apartment,Kashar,Kashar
"Villa Çerpja
Free safe parking",Kashar,Kashar
Villa VSV :Second Flat + Parking,Kashar,Kashar
Vila Nikollaj,Kashar,Kashar
Amar's 2 double bedrooms entire luxury apartment.,Kashar,Kashar
Vila Nikollaj,Kashar,Kashar
Siar's 2 double bedrooms entire luxury apartment.,Kashar,Kashar
Geri’s Home,Kashar,Kashar
Villa Oni Your Stylish Home Away in Tirana,Kashar,Kashar
Airbnb,Kashar,Selvia
Vata Apartments 2,Kashar,Kashar
"New York Hotel,Kamez",Kashar,Bathore
STAR Hotel - Quiet Stay Near Tirana,Kashar,Mezez
Modern Luxury Villa - completely private.,Kashar,Kashar
Vata Apartments,Kashar,Kashar
Park Hotel Six-person room,Kashar,Kashar
Villa Star,Kashar,Kashar
Great place,Kashar,Kashar
Luca apartament,Kashar,Kashar
Vila Nikollaj,Kashar,Kashar
Modern apartment overlooking the city of Tirana,Kashar,Mezez
Privat house in Tirana,Kashar,Kashar
luxury apartament,Kashar,Mezez
Cozy Apartments in Tirana,Kashar,Kashar
Lusha Home,Kashar,Kashar
Noemi's Home,Kashar,Kashar
Hotel Sejlor,Kashar,Kashar
Apartment / Flat for rent,Kashar,Kashar
Apartament,Kashar,Mezez
Beatiful Apartment for daily rent.,Kashar,Mezez
Diamond Hill B&B,Kashar,Kashar
★ Stunning Mountain view ★ | Near to the airport,Kashar,Kashar
House with courtyard parking and garden,Kashar,Kashar
★ Stunning Mountain View ★ | Balcony + Parking,Kashar,Kashar
Helia’s Luxury Apartment - New Boulevard,Fresku,Selvia
Cozy & Stylish Apartment,Fresku,Laprake
Shehu Apartment 1,Fresku,Selvia
Eden Appartament,Fresku,Laprake
Blerta Apartment,Fresku,Fresku
Cozy and comfy apartment.,Fresku,Selvia
Vog Villa,Fresku,Fresku
Quiet one bedroom apartament,Fresku,Laprake
Oen Living Apartment,Fresku,Selvia
Lovely appart.gj-m.1-4,Fresku,Laprake
Meli Deluxe Apartment 5,Fresku,Laprake
Lovely appartament 1-D,Fresku,Fresku
Deni's Family Apartment New BLVD,Fresku,Fresku
Lovely appartament 1-3,Fresku,Fresku
Tiny apartment for couples,Fresku,Laprake
Shehu Apartment 2,Fresku,Selvia
Sakura Center Apartment,Fresku,Selvia
Meli Deluxe Apartment 2,Fresku,Laprake
Calming and modern apartment,Fresku,Fresku
Saranda Room,Fresku,Selvia
Meli Deluxe Apartment 1,Fresku,Laprake
Meli Deluxe Apartment 6,Fresku,Laprake
Lovely appartament C,Fresku,Fresku
Meli Deluxe Apartment 4,Fresku,Laprake
Deni's Family Apartment,Fresku,Fresku
Brand new condo for rent,Fresku,Laprake
Lovely appartament D,Fresku,Fresku
Apartament,Fresku,Fresku
"Luxurious, Relaxing, Quiet Villa",Fresku,Laprake
apartament kacupi,Fresku,Fresku
Lovely appartament 1-B,Fresku,Fresku
Dori Ani,Fresku,Fresku
Apartment 1+1 near the area 5Maj,Fresku,Fresku
Nice appartament A-1,Fresku,Fresku
"lovely appart.g-s,1-8",Fresku,Laprake
πολιτελι βίλα μόνο 5κμ από το κέντρο τον Τριανόν,Fresku,Laprake
Apartament for Rent,Fresku,Fresku
"Modern Home with BBQ, Yard & Parking",Fresku,Fresku
Family apartment up to 6 people,Fresku,Fresku
Dianahome2,Fresku,Laprake
NAKO Apartment New Boulevard TR,Fresku,Selvia
"lovely appartament g,s1-3",Fresku,Laprake
Meli Deluxe Apartment 7,Fresku,Laprake
Meli Deluxe Apartment 3,Fresku,Laprake
Nice appartament B-1,Fresku,Fresku
Modern calm apartment with garden & open view,Sauk,Sauk
Unique bedroom with open view and free parking,Sauk,Sauk
Enjoy this space away from the noise.,Sauk,Ali Demi
Private house lakefront,Sauk,Sauk
Cozy home in city center,Center,Center
Scandinavian Apartment Near Center & Free Parking,Center,Myslym Shyri
Cozy White Studio 2 / near New Bazaar,Center,Bulevardi
Sunny and quiet apartment • Free Private Parking,Center,Bulevardi
"ApHEARTments 3, City Center, free parking",Center,Myslym Shyri
Deluxe Room 28 Blloku Area,Center,Blloku
"ApHEARTments 2, City Center, Free Parking",Center,Myslym Shyri
Skyline 3 | City Center Blloku | Unique View,Center,Blloku
Jona lovely apartm city center! Dedicated parking,Center,Myslym Shyri
"1BR City Gem: Balcony, A/C & Secure Parking",Center,Myslym Shyri
20°Bs *New Bazaar,Center,Myslym Shyri
Violet Skander Plaza,Center,Pazari i Ri
Bazaar|Center Tirana View Apartment|Self Check In,Center,Myslym Shyri
Central Old Town Tirana apt! 1m/walk from Blvd.,Center,Blloku
Tirana City Center New Bazaar Essil Flat + Parking,Center,Myslym Shyri
"Lovely Apartment in ""Blloku""",Center,Blloku
"Ethos Tirana, Mediterranean vibe near Pazari I Ri.",Center,Bulevardi
"Ethos Tirana Apt.
Luxury in the heart of Tirana.",Center,Bulevardi
"""Piazza"" City Center Top Apartment",Center,Blloku
At Bazaar,Center,Myslym Shyri
2.Entire Flat City Center-With great Balcony View,Center,Blloku
"""Pazari i Ri""- at Farmers' Market: 2 beds/2 bath",Center,Myslym Shyri
Central Superior B @ Enjoy Albania Apartments,Center,Pazari i Ri
Apartment in Tirana after U.S. Embassy,Center,Pazari i Ri
The Skyview Penthouse Tirana - Free Parking,Center,Myslym Shyri
Skanderbeg Green Veranda @Enjoy Albania Apartments,Center,Pazari i Ri
Stay with Evisa - City Center 1,Center,Myslym Shyri
Luxurious Apartment w/ Parking - Next to the Lake,Shkoza,Shkoza
Modern Lakefront Apartment,Shkoza,Shkoza
Lakeside Bliss,Shkoza,Shkoza
Tranquil Lake Oasis Tirana Balcony Beauty,Shkoza,Shkoza
Lake New Studio,Shkoza,Kombinat
Alle's Tirana modern apartment,Shkoza,Shkoza
One bedroom apartment.,Shkoza,Shkoza
2BR/2BTh luxury apartment at Lake View Residential,Shkoza,Shkoza
Stylish Apt.1+1. Near Lake & Center @BonzoHomes,Shkoza,Kombinat
Modern 2BR Hideout | Quiet Villa + Parking,Shkoza,Kombinat
"Eco, Jona’s Airbnb",Shkoza,Shkoza
Prestige Lake View Apartment Tirana,Shkoza,Shkoza
Premium 1 Bedroom Escape | Quiet Stay + Parking,Shkoza,Kombinat
Queen’s Luxury Apartments Lake,Shkoza,Shkoza
Economic 2 Bedroom Apartment near Kristal Center,Shkoza,Kombinat
Liqeni Parku Olimpik Apartament,Shkoza,Shkoza
Lake View Tirana Apartment,Shkoza,Shkoza
Cozy Apartment with Lake View,Shkoza,Shkoza
Erga Apartment Tirane,Shkoza,Shkoza
Sue' apartment 2,Shkoza,Kombinat
Panoramic Terrace Studio Overlooking Tirana,Shkoza,Shkoza
Stylish Flat with Great Location,Shkoza,Kombinat
Spacious 1 BR Premium Apartment with Free Parking,Shkoza,Kombinat
Aldo Apartment,Shkoza,Kombinat
"Fabulous  1 -Bedroom  Apt in Tirana - ""Your Home""",Shkoza,Kombinat
The Pebble Couch Apartment,Shkoza,Kombinat
"Stay Inn Lake View D, Tirana, Albania",Shkoza,Shkoza
Urban Gem Apt - Tirana,Shkoza,Shkoza
Luxury Lake View Apartment • Private Jacuzzi,Shkoza,Shkoza
Siel Apartment,Shkoza,Kombinat
"MB luxury apartments

High-speed Wi-Fi (500 Mbps)",Shkoza,Shkoza
Bougainvillea luxury Apartment,Shkoza,Shkoza
7 Floor Luxury Apartment Tirana,Shkoza,Kombinat
"Stay Inn Lake View B, Tirana, Albania",Shkoza,Shkoza
Welcome to our apartment “Eliz oasis”,Shkoza,Shkoza
Stunning views of Lake Tirana.,Shkoza,Shkoza
New Born Luxury Apartments near Tirana,Shkoza,Shkoza
8th Floor Luxury Apartament Tirana,Shkoza,Kombinat
LakeSide Dream,Shkoza,Shkoza
Lake View Apartment,Shkoza,Shkoza
"Family and work-friendly apartment, free parking",Shkoza,Shkoza
Lake View Apartment Tirana,Shkoza,Shkoza
Luxury Position!,Shkoza,Shkoza
Joel Apartment,Shkoza,Shkoza
Lake View Apartment,Shkoza,Shkoza
Royal Apartments Tirana,Shkoza,Shkoza
Haris Terrace Apartments No.4,Shkoza,Kombinat
Lucky Apartment,Shkoza,Kombinat
Deluxe Suite,Shkoza,Shkoza
Komuna e Parisit Nest 4 - Tirana,Shkoza,Shkoza
Haris Terrace Apartment No.1,Shkoza,Kombinat
MP Rooftop Apartment City View,Ali Demi,Ali Demi
Farka Lake Luxury Villa,Ali Demi,Ali Demi
MP Studio Apartment Lake View,Ali Demi,Ali Demi
MP Scandinavian Style Room,Ali Demi,Ali Demi
Lakeside Premium - Ruby Stay,Ali Demi,Ali Demi
Lakeside Premium - Nature Stay,Ali Demi,Ali Demi
Relux Rezidenc Tirane,Ali Demi,Astir
Vila Guçi,Ali Demi,Ali Demi
A house where you find relax at Villa Nikol.,Ali Demi,Ali Demi
MP Studio Apartment Lake View 2,Ali Demi,Ali Demi
MP Apartment Dajti View,Ali Demi,Ali Demi
Two bedroom flat near the center of Tirana,Ali Demi,Don Bosko
Luxurious Villa with 4 bedrooms & big living room,Ali Demi,Ali Demi
Lake house,Ali Demi,Ali Demi
Lakeside Premium - Amber Stay,Ali Demi,Ali Demi
Lake Access | Premium Emerald Stay • 5 Min Walk,Ali Demi,Ali Demi
Lakeside Premium - Mocha Stay,Ali Demi,Ali Demi
Lakeside Premium - Amethyst Stay,Ali Demi,Ali Demi
Cozy Apartments 4/1,Ali Demi,Ali Demi
MP Rooftop Apartment Dajti View,Ali Demi,Ali Demi
Tirana Gem: Spacious and Modern,Kodra,Kodra
Bright guest suit 15 min by bus to center,Kodra,Kodra
Tirana Heights Apartment,Kodra,Astir
Medo Villa,Kodra,Kodra
Green Oasis-Cozy Private House with Balcony & View,Kodra,Astir
Cozy apartment authentic feel,Kodra,Liqeni
Cozy Apartments Tirana,Kodra,Liqeni
Casa di Bruno Tirana,Kodra,Kodra
"Class Apartment 
104",Kodra,Astir
Holiday apartaments in Tirana 1+1  apart 103,Kodra,Liqeni
Your home away from home,Kodra,Liqeni
Amansar Deluxe Room,Kodra,Liqeni
Double Room,Kodra,Astir
Xhemi Apartament,Kodra,Astir
Modern City Stay,Kodra,Liqeni
Apartament familjar . Një apartament ne Tirane,Kodra,Astir
Sunrise mountain view,Kodra,Kodra
Cozy King Retreat,Kodra,Liqeni
Sunrise joy 2 bedroom apartment  WI FI TV,Kodra,Kodra
Modern Studio +  Balcony | Free Parking,Kodra,Liqeni
Villa Kamila,Kodra,Kodra
Blloku Sunrise View @ Enjoy Albania Apartments,Full Tirana,Blloku
East Loft Tirana,Full Tirana,Selvia
Parkside Design Studio – Lake & Arena,Full Tirana,Pazari i Ri
Luxury Boutique Apartment |View of Catholic Church,Full Tirana,Blloku
Blloku Luxury A @ Enjoy Albania Apartments,Full Tirana,Blloku
"Cozy & Modern Apartment, Tirana, Albania",Full Tirana,Selvia
Mela’s duplex with a lovely terrace,Full Tirana,Blloku
Lovely apartment with all you need to feel at home,Full Tirana,Blloku
Cozy duplex near blloku area,Full Tirana,Shkoza
"Skyline 18 City View Apartment, Balcony & Parking",Full Tirana,Blloku
City Center Blloku  mondern Apartment 01,Full Tirana,Blloku
Deluxe apartment 21 Blloku Area,Full Tirana,Blloku
Lovely Apartment in Tirana,Full Tirana,Kombinat
Central Arena Apartment,Full Tirana,Pazari i Ri
Inntown 6/A - City Center Studio Apartment,Full Tirana,Blloku
New Gaia Apartments-Willson Square Tirana,Full Tirana,Blloku
Mimosa House,Full Tirana,Blloku
Harmonia 3 -Blloku Area- Netflix,Full Tirana,Blloku
Blloku Urban Pop @ Enjoy Albania Apartments,Full Tirana,Blloku
Deluxe Room 05 Blloku Area,Full Tirana,Blloku
"The Wilson @Square, Bllok Area",Full Tirana,Blloku
Inntown 6/B - City Center Apartment,Full Tirana,Blloku
Anna's Blloku Apartment 1,Full Tirana,Blloku
Where luxury meets comfort #3,Full Tirana,Blloku
Sia's Apartment,Full Tirana,Blloku
Anna's Blloku Apartment 2,Full Tirana,Blloku
