name,neighborhood,search_zone,lat,lng,est_start_year
Bohemian City Center Apartment,Blloku,Blloku,41.328680153698826,19.813829060711782,2020
Imagination Inn — 1,Blloku,Blloku,41.32435,19.81024,2019
Central Sunset View @ Enjoy Albania Apartments,Blloku,Blloku,41.32805996967127,19.812354510834343,2020
Blloku Sweet @ Enjoy Albania Apartments,Blloku,Blloku,41.32210123096071,19.81574600859833,2024
Rooftop Apartments Nr:2,Myslym Shyri,Blloku,41.33354,19.82166,2022
Scandinavian Apartment • 2 Min Walk to Center,Blloku,Blloku,41.33040117771233,19.81339283287525,2025
Central Superior A @ Enjoy Albania Apartments,Pazari i Ri,Blloku,41.332966,19.820515,2019
Mango,Blloku,Blloku,41.32738421539848,19.81137380003929,2023
Deluxe Room 02 Blloku Area,Blloku,Blloku,41.32005,19.81717,2018
Blue Eclipse Apartment 2,Blloku,Blloku,41.32958,19.8141,2018
Third floor cozy apartment loft,Myslym Shyri,Blloku,41.3322830851514,19.825815483927727,2025
1.City Center Studio-With Great Balcony View.,Blloku,Blloku,41.32238,19.81896,2018
Stay At Bazaar|-1Garage Parking|Tirane Center,Myslym Shyri,Blloku,41.33072997950658,19.825635105371475,2023
22 Apartments • Luxury Stay • Free Parking,Pazari i Ri,Blloku,41.331753377057176,19.821229241788387,2025
Skanderbeg View- Luxury Serviced apartment,Blloku,Blloku,41.33026119926108,19.816332198679447,2025
Sunny Cozy Apt • 8 Min to Center • Pets Welcome,Blloku,Blloku,41.33405,19.81559,2018
Mia's Place New Bazaar,Myslym Shyri,Blloku,41.329941,19.824825,2023
Luxury Panoramic 2 BDR Apartment in city center,Myslym Shyri,Blloku,41.33341774049926,19.821209460496902,2024
OVI Center No.2,Blloku,Blloku,41.3225673,19.8144819,2023
Hobbit Inspired Central Studio,Blloku,Blloku,41.32709,19.81388,2019
Sindi’s Cozy Studio in the City Center,Blloku,Blloku,41.32656166166692,19.81391955167055,2018
Skanderbeg Deluxe C @ Enjoy Albania Apartments,Blloku,Blloku,41.327032,19.814839,2018
"""ApHEARTments"" in Tirana City Center",Pazari i Ri,Blloku,41.32893,19.82342,2018
"Cozy 1+1 Apartment, Balcony & Views, 5 Min Center",Blloku,Blloku,41.33345,19.81817,2018
34°Bs *Tirana New Bazaar City Center,Myslym Shyri,Blloku,41.33009,19.82779,2024
Sleeping Chest,Blloku,Blloku,41.328077613717696,19.810165129601955,2025
Tirana Central Square,Blloku,Blloku,41.331675959238886,19.81898752883608,2024
Skanderbeg Square Tirana Apt,Pazari i Ri,Blloku,41.33255892609721,19.820030195770272,2024
Flower apartment free parking,Myslym Shyri,Blloku,41.33019,19.82699,2021
New Bazaar Azurè Apartments Tirana,Myslym Shyri,Blloku,41.33280395069673,19.822900593280792,2019
Modern Apartment in the City Center of Tirana,Blloku,Blloku,41.32465,19.81683,2018
Lovely 1+1 Tirana Center•Self Check-In•Workspace,Blloku,Blloku,41.3257140134298,19.8151271892266,2022
My Albanian Apartament,Pazari i Ri,Blloku,41.33348571194741,19.82008628547192,2024
Downtown One Central | Perfect Cozy Stay in Center,Pazari i Ri,Blloku,41.32428,19.82499,2020
Downtown whispers Studio,Pazari i Ri,Blloku,41.33179870440638,19.820632450282574,2018
Apartment 1,Blloku,Blloku,41.3215997,19.8135726,2025
"Excellent  Location
Skanderbeg Square!",Selvia,Blloku,41.33162,19.81053,2021
Downtown Dream Duplex,Blloku,Blloku,41.32593,19.81554,2023
Hidden gem in heart of the city! Steps to Blloku!,Blloku,Blloku,41.32475,19.81692,2023
SOLEiL Ekspozita Old Town Tirana,Blloku,Blloku,41.3243734346966,19.81331710328825,2023
"ApHEARTments 4, Clock Tower View, Top Location",Myslym Shyri,Blloku,41.3291,19.82371,2021
Pazari Cozy Terrace @ Enjoy Albania Apartments,Myslym Shyri,Blloku,41.33101,19.824997,2018
Blloku Deluxe 1BR/AP,Blloku,Blloku,41.32233644279398,19.81373816728592,2022
"Bazzarro, centre of Tirana (01)",Myslym Shyri,Blloku,41.332757834991696,19.82359081071041,2022
Petro Apartment 1,Blloku,Blloku,41.33259,19.81557,2022
Pastel Rooftop @Square w/ 24H Self Check In,Pazari i Ri,Blloku,41.33115,19.82022,2018
Skanderbeg Cozy B @ Enjoy Albania Apartments,Pazari i Ri,Blloku,41.33073746525499,19.82009231177825,2025
Cozy 1-bedroom apartment in the center of Tirana,Myslym Shyri,Blloku,41.33375,19.82175,2022
"Home away from Home 200m2 apt+ patio, near Plaza",Blloku,Blloku,41.32879,19.81872,2018
Casa Mama Apartment,Blloku,Blloku,41.32395,19.8154,2020
City center Studio 4 at Pazari i Ri,Myslym Shyri,Blloku,41.33063,19.82564,2018
Blloku 2 1+1 Luxury Apartament,Blloku,Blloku,41.3230170425361,19.816852882504463,2018
RTSH - Elegant 6th-Floor Ap in Tirana,Pazari i Ri,Blloku,41.3213663350373,19.824529050562635,2025
Be My Guest - Lovely Home,Selvia,Blloku,41.331983993579165,19.81067910790444,2022
Brikena’s Villa - only a 5 min walk from center,Blloku,Blloku,41.32625276016432,19.81429689201921,2023
Skanderbeg Central Loft @ Enjoy Albania Apartments,Blloku,Blloku,41.33078791301448,19.81944350436861,2020
Adore Apartment City Center,Myslym Shyri,Blloku,41.33244068434698,19.82282850891352,2022
Noir Heaven - Sweet Escape Apartments,Blloku,Blloku,41.324109443920975,19.81132230325549,2025
Lana Luxe Apartment 3,Blloku,Blloku,41.32285825811577,19.814890355671515,2025
Central City Aden's House,Blloku,Blloku,41.32023,19.81343,2019
Jacuzzi Living Tirana Center 2,Blloku,Blloku,41.33069700173305,19.814650118350983,2024
Great apartament in center of Tirana,Myslym Shyri,Blloku,41.33371,19.82432,2021
Cozy flat in the heart of Tirana,Blloku,Blloku,41.323757,19.815785,2020
Cute and comfy City Center - Ajia Apartments,Myslym Shyri,Blloku,41.33298,19.82644,2021
"City Center Studio 1, Tirana",Blloku,Blloku,41.33123047459228,19.81172885745764,2025
Blloku Balcony Apartment,Blloku,Blloku,41.322887286814925,19.81749252209016,2024
Blloku 3 Luxury Studio,Blloku,Blloku,41.32285564365512,19.81674123555422,2018
"City Center ""Savannah"" Studio Apartment.",Pazari i Ri,Blloku,41.32928,19.82053,2018
Green Harmony Premium Apartment *Free Parking*,Blloku,Blloku,41.33456822289453,19.818636886775494,2025
The 5th Element-Central Tirana,Selvia,Blloku,41.33155223095277,19.811049588024616,2024
Spacious for 4 Guests+Free Parking –Central Tirana,Myslym Shyri,Blloku,41.33140595746251,19.824650842395712,2020
Amazing  Top Floor Apartment in the City Center,Pazari i Ri,Blloku,41.32471405128257,19.82562622055412,2018
Alta Vista 2 Bedrooms •City View & Private Parking,Blloku,Blloku,41.33451862864247,19.81871031224728,2025
Oasis Rooftop Apartment with terrace/city center,Blloku,Blloku,41.32704,19.81136,2020
UpTown Apartment - Bllok Area,Blloku,Blloku,41.32255196921301,19.8177195712924,2018
Modern New Bazaar Apartment,Myslym Shyri,Blloku,41.33086,19.82528,2019
Midtown Studio Apartment-Central 5th,Blloku,Blloku,41.3305823039337,19.81007843249077,2023
Vista Luxe Balcony *Free Private Parking*,Blloku,Blloku,41.33469436148405,19.818654656410217,2022
"Top Floor Apartment
City Center",Pazari i Ri,Blloku,41.332737,19.819708,2018
Rooftop Apartments Nr:4,Myslym Shyri,Blloku,41.33162,19.82402,2021
3.City Center Studio-Boulevard View.,Blloku,Blloku,41.32216,19.81846,2018
Deluxe Room 25 Blloku Area,Blloku,Blloku,41.32071,19.81577,2020
Centerbestview of Tirana,Pazari i Ri,Blloku,41.329567,19.822208,2018
Central Kavaja Flat II w/ 24H Self checkin,Blloku,Blloku,41.32911917960718,19.81271356344223,2025
Skanderbeg Deluxe A @ Enjoy Albania Apartments,Blloku,Blloku,41.327032,19.814839,2018
MiddleNest Central apartment,Blloku,Blloku,41.32546793011254,19.816858246922493,2022
Chic 3BR Downtown – AC & secure Parking,Myslym Shyri,Blloku,41.33311,19.82318,2020
Prime City Central *Free Underground Parking*,Blloku,Blloku,41.33442624667043,19.818711318075657,2025
Top Floor Apartment With Amazing City View,Pazari i Ri,Blloku,41.32479295441989,19.82564901933074,2018
The Glass Pyramid,Blloku,Blloku,41.3238505521993,19.81292592796032,2019
Exclusive Central Premium Oasis 2 Bedrooms,Blloku,Blloku,41.33101999937817,19.81470644474029,2022
Central Flat Tirana,Blloku,Blloku,41.32491878046042,19.81355560743472,2019
Rooftop Apartments Nr.3,Myslym Shyri,Blloku,41.33227,19.82287,2023
Skanderbeg Deluxe B @ Enjoy Albania Apartments,Blloku,Blloku,41.327032,19.814839,2018
Luxurious Central Apartment,Blloku,Blloku,41.32314865575481,19.812108539672867,2020
Flora Coffee modern apt 2,Blloku,Blloku,41.3311911,19.8145153,2020
Entire Apartment - Tiranë Centre (2),Pazari i Ri,Blloku,41.329956,19.821524,2018
Tirana Center Apartment - One bedroom!,Blloku,Blloku,41.3242416381836,19.81641387939453,2020
Tirana Center Apartment - Two bedroom!,Blloku,Blloku,41.32355499267578,19.81560516357422,2023
Mabel Apartments,Myslym Shyri,Blloku,41.33160383008534,19.827793277800083,2022
Roomy Central 1,Pazari i Ri,Blloku,41.33115840914667,19.819958813120337,2023
Skanderbeg Sunset View @ Enjoy Albania Apartments,Pazari i Ri,Blloku,41.33103250360311,19.82172803010256,2025
Downtown Deluxe @ Enjoy Albania Apartments,Blloku,Blloku,41.3238756888111,19.812798924853528,2020
Pazari Terrace Bar @ Enjoy Albania Apartments,Myslym Shyri,Blloku,41.33101,19.824997,2018
Govi Apartment al pieno centro di Tirana,Pazari i Ri,Blloku,41.327549,19.822502,2024
Luxurious Panoramic Apartment,Blloku,Blloku,41.32260081426691,19.81603679814757,2022
Lala’s Central Tirana Apartments 1,Blloku,Blloku,41.33156053574272,19.817036613821983,2025
Central Flat Full Of Sun*Free Underground Parking*,Pazari i Ri,Blloku,41.33154,19.82158,2018
Cozy 2-Bedroom Apartment in the Heart of Blloku,Blloku,Blloku,41.32059,19.81602,2023
Studio Tirana Center,Myslym Shyri,Blloku,41.332198429529,19.82170432806015,2025
Sieras Brand new Apartment,Kombinat,Kombinat,41.31712506532868,19.80178915396728,2023
63’Bs *Condor Studio,Kombinat,Kombinat,41.32402797313999,19.796711839735508,2025
Amazing view near Blloku apartment,Blloku,Kombinat,41.32256342279501,19.80999520321044,2021
Lively Center of Tirana,Kombinat,Kombinat,41.31820191664849,19.80733728664704,2025
Urban Oasis,Kombinat,Kombinat,41.31223693491409,19.803244024515152,2025
Modern Palm Escape with Parking,Kombinat,Kombinat,41.31209792258405,19.802947975695133,2025
Premium 2 Bedrooms Villa Apt | Balcony & Parking,Kombinat,Kombinat,41.311886126181705,19.803024418652058,2025
Luxury Studio,Kombinat,Kombinat,41.31653155421361,19.805723391473293,2024
Unique Luxury SPA & Sauna Apartment - Bllok Tirana,Kombinat,Kombinat,41.32053807811115,19.808179325794963,2023
Urban Escape Apartment,Kombinat,Kombinat,41.31517,19.80717,2023
Luxury Residence 2 Bedroom Luxurious Apartment,Shkoza,Kombinat,41.312935,19.809336,2025
Roza's Apartment Tirana Central,Kombinat,Kombinat,41.31445,19.80762,2024
Urban City Apartment_Deluxe,Blloku,Kombinat,41.32439,19.80778,2024
Floating bed,Kombinat,Kombinat,41.3196032065532,19.80252820547974,2025
Cozy Flat | Quiet & Stylish 1BR near Blloku & Lake,Kombinat,Kombinat,41.31754,19.80749,2024
Luma Duplex Penthouse by Kondo Stays,Kombinat,Kombinat,41.31135,19.80284,2025
Tarraca House,Kombinat,Kombinat,41.3191168429838,19.804714359092728,2025
Rolling Apartment Tirana - Near Blloku,Kombinat,Kombinat,41.32090572355104,19.805972166359425,2024
Cityscape Tirana 2,Kombinat,Kombinat,41.3239519,19.7954421,2025
"Kika Shanti, Studio, near Artificial Lake",Kombinat,Kombinat,41.31782,19.80302,2024
Brand new apartment in a secure building complex,Kombinat,Kombinat,41.316441,19.805449,2018
Fiona’s apartment,Kombinat,Kombinat,41.3214365,19.8080023,2019
Mimosa’s Apartment with lovely balcony,Kombinat,Kombinat,41.316792,19.806656,2023
Comfortable one bedroom apartment in city center,Blloku,Kombinat,41.32445653075354,19.80880078836061,2025
The Exquisite,Kombinat,Kombinat,41.32190762896269,19.792999662458897,2025
Cozy 2 Bedroom apartment!,Kombinat,Kombinat,41.31256,19.80519,2025
Cozy Apartament,Kombinat,Kombinat,41.32132825161479,19.806995764374733,2025
The White Rose Apartment,Blloku,Kombinat,41.32254787111672,19.809877586083136,2021
bianco appartment,Kombinat,Kombinat,41.32203101659137,19.796619974076748,2025
Miku Apartment-Upscale 2BD With  Spectacular View,Kombinat,Kombinat,41.32155041792788,19.807560102008075,2024
Chic Retreat near Tirana's Lake,Kombinat,Kombinat,41.3160138,19.8072865,2023
Central Tirana Oasis – 2nd Floor with Green Views,Kombinat,Kombinat,41.31439813518656,19.804723262786865,2025
Fleeville Vicky's Apartment,Blloku,Kombinat,41.3204857,19.8093127,2025
Nuçi's Place 1 - Warm Apt w/bal. 15 min from Bllok,Kombinat,Kombinat,41.3191625,19.8049844,2024
EL-XHO Apartament  102,Kombinat,Kombinat,41.32391,19.80413,2025
The Capital Apartment's,Kombinat,Kombinat,41.32489,19.80544,2023
Horta’s Home 02,Blloku,Kombinat,41.32459878020691,19.80996698141098,2025
Relaxing Apartment near Botanical Garden & Lake,Shkoza,Kombinat,41.30934037087388,19.805658247049102,2025
New stylish apartment,Kombinat,Kombinat,41.315605423229975,19.80553044875408,2024
Casa del Sol by Kondo Stays,Kombinat,Kombinat,41.3172777325154,19.80563116389312,2025
Cozy Apartment Center in Myslym Shyri,Blloku,Kombinat,41.324243,19.806874,2020
City Center GuestHouse,Kombinat,Kombinat,41.321228,19.8060403,2022
New apartment with huge balcony,Kombinat,Kombinat,41.3160541,19.8057601,2021
B44 Apartment Tirana - Self check-in,Kombinat,Kombinat,41.31687,19.80577,2021
SELA Studios – Central Stay | Self Check-In,Kombinat,Kombinat,41.3182,19.80961,2022
"Tirana Hideaways, Breathtaking View + Free Parking",Shkoza,Kombinat,41.31315344369661,19.80785809457302,2024
Oasis Retreat | Spacious | near Lake & Grand Park,Shkoza,Kombinat,41.31323,19.80694,2020
Traditional Albanian Cabin,Kombinat,Kombinat,41.31401,19.7905,2025
Lana River modern apartment,Kombinat,Kombinat,41.32163,19.7953,2024
"Cityscape Tirana: 2BR Kavaja St, 11 FL, Dajti View",Kombinat,Kombinat,41.3239519,19.7954421,2024
Tera Flat,Kombinat,Kombinat,41.32305962094889,19.794244273369515,2025
"Lovely, Central Apartment  24H Self Check-In",Blloku,Kombinat,41.32330037571304,19.80977696085205,2025
Comfortable studio flat at Smooth Rentals,Kombinat,Kombinat,41.31795,19.80757,2023
Central Luxury apartment by Lake!,Shkoza,Kombinat,41.31295,19.80845,2025
Bright & Spacious 2BR/2BA | City Walkable,Blloku,Kombinat,41.32377567482608,19.80937622487545,2023
Tirana Sunset View Veranda Studio,Kombinat,Kombinat,41.31279,19.80239,2024
Silver Apartments Delijorgji,Kombinat,Kombinat,41.3226626,19.7949085,2025
Amary's home!,Blloku,Kombinat,41.32267950000001,19.8093246,2023
Downtown Ethnica @ Enjoy Albania,Blloku,Kombinat,41.323411543792005,19.809690936770632,2025
Imagination Inn — 2,Blloku,Kombinat,41.32479,19.80854,2020
Urban Luxury Apartment 1,Blloku,Kombinat,41.32443,19.80779,2024
Eja Apartment 4,Kombinat,Kombinat,41.32044,19.80837,2024
Modern Apartment Near The Center With Free Parking,Kombinat,Kombinat,41.32200709305359,19.79674201458693,2025
Spacious Family Apartment in the Centre of Tirana,Kombinat,Kombinat,41.3163014035171,19.807250909507275,2023
TRiPartments - Paris,Blloku,Kombinat,41.32121,19.80995,2020
Stylish two bedroom house with private pool,Kombinat,Kombinat,41.30622,19.80067,2023
Tirana Stylish Stay,Kombinat,Kombinat,41.32284,19.79813,2025
Modern Two Bedrooms Haven*Free Private Parking*,Kombinat,Kombinat,41.32245351629675,19.797581546008587,2025
TRiPartments - Solaris,Kombinat,Kombinat,41.3206,19.80838,2020
Bllok Scandi Apartments 1,Shkoza,Kombinat,41.31637,19.80976,2024
Stylish 1BR Retreat in Vibrant neighborhood,Kombinat,Kombinat,41.31785,19.80362,2023
Kika Residence-Perfect 1 Bedroom Apartment,Kombinat,Kombinat,41.31682968139648,19.806049346923828,2025
Cozy and Comfy room in Myslym Shyri,Kombinat,Kombinat,41.3237,19.80467,2021
Superior Apartment with Balcony,Kombinat,Kombinat,41.31807591099752,19.802556265745537,2025
Luxury Residence Skyline,Kombinat,Kombinat,41.31889938111381,19.805896799999992,2025
Roza's Studio Tirana Center,Blloku,Kombinat,41.32366,19.8081,2018
Altura Apartment by Kondo Stays,Blloku,Kombinat,41.32262788196746,19.809303193284595,2024
Olive Garden Terracotta Apartment,Kombinat,Kombinat,41.32244,19.80573,2023
Comfortable studio apartment,Kombinat,Kombinat,41.311525249098445,19.802581183612347,2025
Cozy Urban Apartment,Kombinat,Kombinat,41.31741,19.80666,2023
Skyline urban retreat,Kinostudio,Kinostudio,41.32980879296567,19.838249655017087,2025
AK Studio Apartment,Don Bosko,Kinostudio,41.32554,19.84634,2024
2 Steps from city center apt.3.2,Center,Kinostudio,41.333061258942536,19.8324204236269,2023
Rondine Studio Apartment,Bulevardi,Kinostudio,41.336209,19.831952,2021
GEMS City Living,Center,Kinostudio,41.3293423,19.8308448,2021
Quiet Apartment Near Downtown,Don Bosko,Kinostudio,41.32740258099541,19.846276715397835,2025
Cozy 2BR Condo • Parking • WiFi • AC • Laundry,Kinostudio,Kinostudio,41.3279,19.84479,2024
Mila's place,Center,Kinostudio,41.32513,19.83205,2022
Alpha Apartments cozy & spacious,Bulevardi,Kinostudio,41.3384910940143,19.83043123036623,2025
Niko's Apartment -1,Center,Kinostudio,41.32779,19.83446,2022
Central Reach Apartment | 10 Min Walk from Center,Center,Kinostudio,41.327064725239005,19.8317662999034,2025
"Modern Duplex, Central Tirana, Patio, Speed WiFi",Liqeni,Kinostudio,41.34309224427531,19.831725968786625,2025
Azurè Veranda 1,Center,Kinostudio,41.33033,19.83421,2025
Bliss Apartment,Kinostudio,Kinostudio,41.3392,19.83957,2025
Wendy apartments,Center,Kinostudio,41.325598362312064,19.830156303942204,2025
DeLux Suite 104,Center,Kinostudio,41.32574035783195,19.83111653476953,2024
Huqi Luxury Apartments 2,Center,Kinostudio,41.33416141056248,19.835230372846127,2025
Tirana apartment,Liqeni,Kinostudio,41.3423925,19.8334466,2024
Urban Oasis | East of Tirana,Kinostudio,Kinostudio,41.32849881416068,19.84562795609236,2025
2 Steps from city center apt 3.1,Center,Kinostudio,41.33304625119767,19.83240680489348,2023
Azurè Apartments Luxe 1,Center,Kinostudio,41.33052755314184,19.836697205901142,2024
Ajan's Guesthouse,Liqeni,Kinostudio,41.34198026372304,19.83096532523632,2025
Hortus Aurantii,Center,Kinostudio,41.32594682419772,19.83613662421704,2025
Sunflower Apartment,Don Bosko,Kinostudio,41.32644332945256,19.8459991067648,2023
House NANI,Kinostudio,Kinostudio,41.33007,19.84507,2023
"Cosy, private apartment in a family villa",Kinostudio,Kinostudio,41.33779,19.83876,2024
Modern Comfort | Near City Center,Kinostudio,Kinostudio,41.32831939359073,19.84530937312411,2025
Lofty Vibe Tirana,Center,Kinostudio,41.333496027497326,19.834578931331635,2021
Bright Modern Designer Apartment,Kinostudio,Kinostudio,41.32966,19.83781,2024
Charming Comfort apartment,Center,Kinostudio,41.32585,19.83187,2025
Velora Apartment Tirana,Kinostudio,Kinostudio,41.34065014465836,19.844936951994896,2025
Solei’s Apartament,Kinostudio,Kinostudio,41.34107230697197,19.845338948071003,2025
Ali Demi Apartment Comfortable Tirana Retreat,Center,Kinostudio,41.32868,19.8348719,2023
Oxhaku’s Apartment,Liqeni,Kinostudio,41.34230217870001,19.841186553239822,2025
2 Steps from city center apt 3.4,Center,Kinostudio,41.33306478348723,19.83246199786663,2023
Restup Apartments in Tirana 1+1,Center,Kinostudio,41.32537,19.83345,2025
Chestnut Yard - Apt garden view,Liqeni,Kinostudio,41.34316,19.83254,2025
"""The Garden Loft"" modern apartment in Tirana",Kinostudio,Kinostudio,41.3283540285079,19.83897831240188,2025
"MI&DA Apartments, FREE Parking Garage underground",Don Bosko,Kinostudio,41.32831,19.84584,2023
Huqi Luxury Apartments 1,Center,Kinostudio,41.33435777443388,19.835083857178688,2025
TOMEI Apartment | Stunning City & Mountain View,Kinostudio,Kinostudio,41.33306312093999,19.83640527717088,2025
Sunshine Place,Kinostudio,Kinostudio,41.33256,19.83819,2018
Cozzy Appartment with Great View and Free Parking,Kinostudio,Kinostudio,41.32879,19.8456,2023
Vila Tafa apartments.Just like home. ap 3,Center,Kinostudio,41.32642269232265,19.831041768193245,2024
Newly Renovated Urban Oasis,Kinostudio,Kinostudio,41.33513214785321,19.83518745750189,2025
Cityscape Oasis,Liqeni,Kinostudio,41.34486,19.83666,2021
Central Azurè Apartments,Center,Kinostudio,41.33367,19.83464,2022
Te Amantia Apartment,Kinostudio,Kinostudio,41.33251,19.84032,2025
Amna's Apartment in Tirana 24H Self Check-in,Liqeni,Kinostudio,41.3418844,19.8308919,2025
Cozy Studio near Tirana center,Center,Kinostudio,41.3340229036468,19.83427718281746,2025
Magas Tirana Apartment Near Center,Center,Kinostudio,41.32587,19.8311,2024
"Feel at home,ap1.",Center,Kinostudio,41.32705,19.83228,2025
Apartament Near the City Center,Center,Kinostudio,41.32623158822357,19.832002334296703,2025
Modern Apartment with Terrace-Tirana Luxury living,Kinostudio,Kinostudio,41.32843248075584,19.83893452380373,2025
Wendy studio,Center,Kinostudio,41.32562782115322,19.8301324993372,2025
Veranda duplex,Kinostudio,Kinostudio,41.340955746553504,19.841954670846462,2022
Urban Oasis Mount View,Kinostudio,Kinostudio,41.32843159980319,19.84555386006832,2025
Vila TAFA apartments ap4,Center,Kinostudio,41.326096,19.831585,2022
Terrace Apartment 2,Center,Kinostudio,41.32986895014273,19.83403611928225,2019
Veranda Penthouse E.D Tirana,Kinostudio,Kinostudio,41.34095378836523,19.842106481553987,2020
GOA Apartment 2 by Kondo Stays,Center,Kinostudio,41.330777913897904,19.830357402980503,2025
"Cosy, small apartment in a family villa",Kinostudio,Kinostudio,41.33939186364149,19.836925042732705,2024
SuperHost | SkyView Oasis Premium Apartment,Kinostudio,Kinostudio,41.32691789592938,19.839284777771,2021
Azurè Apartments 3 Free Parking (Studio),Don Bosko,Kinostudio,41.3268255285531,19.84531916677952,2022
Peaceful Spot,Center,Kinostudio,41.32579324193809,19.835377894341946,2024
Keis Apartments,Kinostudio,Kinostudio,41.32790022418863,19.84404691799054,2025
Azurè Studio Apartment 4,Center,Kinostudio,41.33216550257831,19.83383763581514,2022
Vila Chaplin Superior,Center,Kinostudio,41.332248869980944,19.834959835968025,2025
Sophie’s Apartment,Center,Kinostudio,41.3277903272282,19.83397962525487,2025
Terra Cane Apartment,Bulevardi,Laprake,41.341189187368656,19.82680870444504,2025
Esi's apartments,Bulevardi,Laprake,41.340625499887096,19.82931207865477,2025
Sunny Apartment Tirana,Liqeni,Laprake,41.34854,19.8435,2025
Emerald Luxury 1BD Apartment,Bulevardi,Laprake,41.34216,19.82663,2025
Apartament super komod në Tiranë,Liqeni,Laprake,41.34574661830919,19.835409075021744,2025
Modern Apartment near Center – Cozy & Quiet Area,Laprake,Laprake,41.34493008560364,19.826723411679268,2025
Valentino Rest,Liqeni,Laprake,41.34203544517744,19.833383302805828,2025
Bree Home,Kinostudio,Laprake,41.3416883,19.8411131,2025
SUKAJ APARTMENT D27,Laprake,Laprake,41.34369,19.82851,2025
Luxury studio - near the City Center,Bulevardi,Laprake,41.340122545643496,19.828911423683167,2024
Lovely 2-bedroom condo with free parking,Liqeni,Laprake,41.34396,19.831335,2025
HAF luxury apartments,Bulevardi,Laprake,41.34161753647864,19.827860668301582,2025
Night Star,Kinostudio,Laprake,41.34060838265522,19.84217260032892,2025
Zen Stay apartments,Bulevardi,Laprake,41.34075,19.82881,2025
Sky Cane Apartment,Laprake,Laprake,41.34239,19.82649,2025
Modern Studio- New Building- Quiet Area- Fast Wifi,Laprake,Laprake,41.34288378755253,19.828882893917857,2025
LOVELY 1-BEDROOM APARTMENT IN TIRANA,Laprake,Laprake,41.342999,19.828182,2025
Tirana Ideal Apartment,Bulevardi,Laprake,41.34141,19.82862,2025
Holiday apartaments 1+1 nro 105,Liqeni,Laprake,41.34677,19.83897,2025
AIZ Apartment in Tirana- Self Check-in 24h,Liqeni,Laprake,41.341977,19.830868,2025
Nox Apartments Tirana 1,Bulevardi,Laprake,41.34066220635876,19.82863635396728,2025
Modern apartment with all comforts,Laprake,Laprake,41.34351346165352,19.826564423166005,2025
Casa mia Tirana,Bulevardi,Laprake,41.34108,19.83025,2025
The newspapers apartment,Laprake,Laprake,41.34403752885091,19.828321002423763,2025
Spacious and Cozy Apartment - Ajia Apartment,Bulevardi,Laprake,41.34056,19.82827,2021
Cosy Stay With Balcony in 5 Maji Street,Laprake,Laprake,41.350220859463846,19.825333092151563,2025
Sueño Apartment 02,Laprake,Laprake,41.34721399446358,19.832602676933988,2025
Cozy Apartment Tirana,Liqeni,Laprake,41.34339691895951,19.83519751578569,2025
Luxury One Bed Flat in Tirana!,Laprake,Laprake,41.34201,19.82769,2025
Mint Center Apartment,Bulevardi,Laprake,41.341153968293845,19.826913362980896,2025
EmeraldApartament,Liqeni,Laprake,41.34377292361792,19.835399743552127,2025
Urban Village,Laprake,Laprake,41.35655,19.83463,2024
Sueño Apartment 04,Laprake,Laprake,41.34800935538988,19.833234200233527,2025
Sueño Suit 08,Laprake,Laprake,41.34707,19.8337,2024
Realm Tirana,Kinostudio,Laprake,41.3410095,19.8417414,2025
Balcony apartments  1+1 nro 102,Liqeni,Laprake,41.3456,19.83951,2025
Sueño Apartment 05,Laprake,Laprake,41.34777975948686,19.832831944919786,2025
dianahome1,Laprake,Laprake,41.34893649118527,19.82639671202812,2025
Juljet Nest Modern Apartment Balcony City Vibe,Liqeni,Laprake,41.34513227633232,19.838545307472245,2025
Welcome at DS' Apartments!,Liqeni,Laprake,41.34189631048194,19.83633036050133,2025
Chestnut Yard- Apt with garden view and yard,Liqeni,Laprake,41.34299,19.83296,2025
MAin Luxury Apartment in Tirana.,Bulevardi,Laprake,41.34041445423596,19.829283125259963,2022
Cheap Studio Flats to rent in Tirana no 6,Liqeni,Laprake,41.34208,19.83627,2025
Long term stay Airbnb in Albania no 2,Liqeni,Laprake,41.34325,19.835119,2025
Duplex Studio Apartment 1 in Tirana,Liqeni,Laprake,41.34257,19.83406,2025
Loe apartament,Bulevardi,Laprake,41.34044827269814,19.829172268509865,2025
Sueño Apartment 06,Laprake,Laprake,41.34743,19.83246,2025
Sueño Apartment 07,Laprake,Laprake,41.34771,19.8325,2025
The Nest Inn Tirana,Liqeni,Laprake,41.34459,19.83572,2025
Sueño Apartments 10,Laprake,Laprake,41.34807,19.8333,2025
Emerald Apartament,Bulevardi,Laprake,41.34064,19.82942,2025
ERG 04 - Apartments Tirana,Liqeni,Laprake,41.34287,19.83188,2025
Terrace Escape Studio,Don Bosko,Don Bosko,41.31754688776997,19.84161767774273,2025
A&Z hotel,Don Bosko,Don Bosko,41.316265635754576,19.840484149754047,2025
Couples Room Sun Lake Villa 7,Don Bosko,Don Bosko,41.316731751740114,19.85568221658468,2025
Deluxe Double Room 2,Don Bosko,Don Bosko,41.32336,19.84928,2024
"Lovely 1-bedroom condo in Tirana, WiFi/Netflix/AC",Don Bosko,Don Bosko,41.328674,19.846384,2024
Spacious & Cozy Family Apt in Sanatorium,Don Bosko,Don Bosko,41.3105,19.84327,2025
Klei’s Daily Apartment,Don Bosko,Don Bosko,41.32236,19.84103,2025
Family Condo Sun Lake Villa 2,Don Bosko,Don Bosko,41.31784991395302,19.85540816898705,2025
Richi’s Guest House,Don Bosko,Don Bosko,41.32201458930732,19.8569143563509,2025
Murati Lake View Apartments,Don Bosko,Don Bosko,41.31949300424682,19.85569830983877,2025
Sweet escape Flat,Don Bosko,Don Bosko,41.325354097245175,19.84896872118844,2025
M21 Apartment,Don Bosko,Don Bosko,41.32514736228255,19.84536949405971,2025
Couples Room Sun Lake Villa 6,Don Bosko,Don Bosko,41.316146889852895,19.85662205508694,2025
Couples Room Sun Lake Villa 5,Don Bosko,Don Bosko,41.3176611198839,19.8561621521152,2025
Couples Room Sun Lake Villa 8,Don Bosko,Don Bosko,41.31763005966109,19.854798706099253,2025
Couples Room Sun Lake Villa 6,Don Bosko,Don Bosko,41.31570581429549,19.85467346740822,2025
Deluxe Double Room 3,Don Bosko,Don Bosko,41.32266,19.84964,2025
Comfy Couple's Stay,Don Bosko,Don Bosko,41.32739403953457,19.845916463047004,2025
Condo for Family Sun Lake Villa 1,Don Bosko,Don Bosko,41.31668315820754,19.855684228241444,2025
Your Home in Tirana,Don Bosko,Don Bosko,41.32526622390876,19.8495791767212,2025
At Your Home Abroad - Apartment in private house,Don Bosko,Don Bosko,41.32370391401028,19.841543622314934,2025
Couples Room Sun lake Villa 4,Don Bosko,Don Bosko,41.317346961451626,19.854687123125235,2025
Suite 1,Don Bosko,Don Bosko,41.32255,19.84973,2025
Apartment 6,Don Bosko,Don Bosko,41.32371993858192,19.84863774991058,2025
Mandi Apartments 3,Don Bosko,Don Bosko,41.318065166667466,19.84275079135307,2025
Deluxe Double Room 4,Don Bosko,Don Bosko,41.32282,19.84952,2025
Short-Term Rental Apartment,Don Bosko,Don Bosko,41.32817352643136,19.847560804896165,2025
Residence d’Etoiles,Ali Demi,Don Bosko,41.31609161919168,19.858190082013607,2025
King-size bedroom in Tirana,Don Bosko,Don Bosko,41.320988353262265,19.856820957285585,2025
Comfy Spacious Apartment,Don Bosko,Don Bosko,41.32182,19.84129,2025
3 person room in Tirana,Don Bosko,Don Bosko,41.32081276997039,19.85772618727349,2025
Lovely place.,Don Bosko,Don Bosko,41.32244,19.84044,2018
Shqiponja Apartament - vendi qe ju ofron qetesine.,Kinostudio,Don Bosko,41.3276343989882,19.84503192869196,2025
One Bedroom Apt with garden,Kinostudio,Don Bosko,41.32404,19.84094,2025
Apartament 1,Don Bosko,Don Bosko,41.32212813100048,19.85030988663343,2025
Alban Apartment,Kinostudio,Don Bosko,41.3287914,19.8456044,2025
Illyrien Elite Tirana,Don Bosko,Don Bosko,41.3184691,19.8414622,2025
Tirana Vibes Apartment,Kinostudio,Don Bosko,41.32871232899708,19.845753349363804,2025
Great view P&E apartment Tirana,Don Bosko,Don Bosko,41.32787292238636,19.848108999431133,2025
Vila Murati,Don Bosko,Don Bosko,41.323818,19.843006,2024
Lovely apartment with parking and very quiet place,Don Bosko,Don Bosko,41.31798831020747,19.840361773967743,2025
Suite 6,Don Bosko,Don Bosko,41.32259,19.84965,2025
Muraga Villas 1 | Flamuri,Astir,Astir,41.34424192974262,19.8663920826518,2025
Kisses from Tirana,Astir,Astir,41.34477,19.85585,2025
"Autokton Urban Apartment, Rruga Thoma Filipeu",Astir,Astir,41.3495389335421,19.85669005662203,2025
Apartment in Tirana,Astir,Astir,41.3488455,19.8572341,2025
Plant house,Astir,Astir,41.34512338432539,19.862683787941933,2025
"Class Apartments
101",Astir,Astir,41.34562101915586,19.85065173357725,2025
Apartment at Vila Lila (Free Parking/ Big Balcony),Kinostudio,Astir,41.337462760121056,19.85026180744171,2023
F.r.e.s.k Area,Astir,Astir,41.34512,19.86408,2025
Amaras apartments,Astir,Astir,41.34433,19.85107,2025
Liv Tirana Apartment,Astir,Astir,41.33546144537127,19.86120764199361,2025
Jessica Apartments a large space,Astir,Astir,41.34487275030076,19.856560262178714,2025
"Class Apartments
102",Astir,Astir,41.344972629939306,19.85186841134428,2025
Spacious Apartment with Parking,Astir,Astir,41.33437136942441,19.858196452260017,2025
Room 101 with balcony,Astir,Astir,41.34624,19.85569,2025
★ Perla Luxury  Penthouse★,Astir,Astir,41.33928,19.85918,2024
Your Cozy Home Away from Home,Astir,Astir,41.347429944541645,19.854755037412325,2025
Smart Lugano Apartament,Astir,Astir,41.344,19.86625,2025
Beautiful&Cozy flat with a view! 1 Bedroom,Astir,Astir,41.34501955236826,19.863250024945057,2025
"""Villa Mira""",Astir,Astir,41.3449322144982,19.852650911639387,2025
Muraga Villas 4 | Xhubleta,Astir,Astir,41.34456126661111,19.867175264051472,2025
Muraga Villas 3 | Plisi,Astir,Astir,41.34423132548223,19.86643007842996,2025
Muraga Villas 2 | Lahuta,Astir,Astir,41.34423203397032,19.866421628175623,2025
Cozy Studio with Huge Veranda 12,Astir,Astir,41.34961216696621,19.85892131924629,2025
Cosy & Fresk Bunk`art Apartment,Astir,Astir,41.34698726062928,19.85930487513542,2025
"Above the City Retreat | 2BR for 6 Guests ,Fresk",Astir,Astir,41.34338,19.85659,2025
Cheerful 2- bedroom villa with indoor fireplace,Kinostudio,Astir,41.334038,19.850073,2025
Krigel's Comfy Apartment,Astir,Astir,41.3377531,19.8565332,2025
Apartament for rent,Astir,Astir,41.34911,19.8637,2025
Casa a Tirana zona Fresku,Astir,Astir,41.34614746206669,19.855907777956624,2025
Standard Double Room with Balcony,Astir,Astir,41.34655,19.859829,2025
2-bedroom rental unit in Tirane,Astir,Astir,41.345324394291765,19.85849324317574,2025
Flat Tirane,Astir,Astir,41.3333854,19.8656758,2025
Apartment I ri,Astir,Astir,41.34909,19.86371,2025
Dajti LoveNest,Astir,Astir,41.34899406850455,19.863256971072705,2025
New Quiet Villa with patio near city center,Kinostudio,Astir,41.33607,19.85,2025
Green Oasis 2,Astir,Astir,41.34954282229664,19.859732386776425,2025
Private home with garden,Astir,Astir,41.33866050763473,19.85846199095249,2025
Olive Apartments,Astir,Astir,41.3427,19.85469,2024
Cozy apartment in quite area,Astir,Astir,41.34068457689709,19.86000560224056,2025
Casa Albo,Astir,Astir,41.34984,19.86764,2025
Comfortable 2 Bedroom Flat,Astir,Astir,41.34420466326447,19.85615266139294,2025
Room 104 With No Balcony,Astir,Astir,41.34864874594475,19.85547029324605,2025
"Nice city view
3.7 km from the center",Astir,Astir,41.34757,19.85362,2025
Relax Apartment,Astir,Astir,41.33661,19.85685,2025
Dajti Express Home,Astir,Astir,41.349461,19.858547,2025
Benis apartment,Astir,Astir,41.34003372960781,19.860061278045883,2025
"Villa VSV: ""Parking Spot + View""",Kashar,Kashar,41.36718,19.78261,2024
"Villa Çerpja
Free safe parking",Kashar,Kashar,41.36919,19.78927,2019
Villa VSV :Second Flat + Parking,Kashar,Kashar,41.36726,19.78426,2025
Vila Nikollaj,Kashar,Kashar,41.36264283825943,19.77793570607901,2025
Amar's 2 double bedrooms entire luxury apartment.,Kashar,Kashar,41.35426549629021,19.777307733893394,2021
Vila Nikollaj,Kashar,Kashar,41.36262622797351,19.777934700250626,2025
Siar's 2 double bedrooms entire luxury apartment.,Kashar,Kashar,41.35409989640598,19.77724201977253,2022
Geri’s Home,Kashar,Kashar,41.37746,19.78188,2024
Villa Oni Your Stylish Home Away in Tirana,Kashar,Kashar,41.35869,19.77559,2025
Airbnb,Selvia,Kashar,41.35019659544341,19.79705516248941,2025
Vata Apartments 2,Kashar,Kashar,41.37327,19.79778,2025
"New York Hotel,Kamez",Bathore,Kashar,41.37864,19.79838,2025
STAR Hotel - Quiet Stay Near Tirana,Mezez,Kashar,41.37151443952119,19.777413420323946,2025
Vata Apartments,Kashar,Kashar,41.37213119799006,19.797007888555527,2025
Park Hotel Six-person room,Kashar,Kashar,41.366483833227285,19.78683501474493,2025
Villa Star,Kashar,Kashar,41.35948843679689,19.775023160754344,2025
Luca apartament,Kashar,Kashar,41.37849,19.78422,2025
Vila Nikollaj,Kashar,Kashar,41.36252532415542,19.77802287787199,2025
Modern apartment overlooking the city of Tirana,Mezez,Kashar,41.36348,19.77154,2025
Privat house in Tirana,Kashar,Kashar,41.3608,19.78064,2025
luxury apartament,Mezez,Kashar,41.36379,19.77202,2025
Cozy Apartments in Tirana,Kashar,Kashar,41.3582595,19.7789639,2025
Lusha Home,Kashar,Kashar,41.37972511972424,19.78252312168479,2025
Noemi's Home,Kashar,Kashar,41.35317700472492,19.772057980299,2025
Hotel Sejlor,Kashar,Kashar,41.37417,19.7985102,2025
Apartment / Flat for rent,Kashar,Kashar,41.35476074911978,19.78125426918268,2025
Beatiful Apartment for daily rent.,Mezez,Kashar,41.36465,19.77055,2025
Diamond Hill B&B,Kashar,Kashar,41.35187,19.79144,2025
★ Stunning Mountain view ★ | Near to the airport,Kashar,Kashar,41.37594,19.78429,2023
House with courtyard parking and garden,Kashar,Kashar,41.35265695159822,19.784033274415368,2025
★ Stunning Mountain View ★ | Balcony + Parking,Kashar,Kashar,41.37845,19.78475,2025
Helia’s Luxury Apartment - New Boulevard,Selvia,Fresku,41.34564768950422,19.81046587228775,2024
Cozy & Stylish Apartment,Laprake,Fresku,41.345120631314856,19.82279598712921,2025
Shehu Apartment 1,Selvia,Fresku,41.345770935689,19.80995870288804,2025
Eden Appartament,Laprake,Fresku,41.34556665386449,19.824713431298733,2025
Blerta Apartment,Fresku,Fresku,41.34941550850856,19.82232797409768,2025
Cozy and comfy apartment.,Selvia,Fresku,41.34503805354071,19.80960488319397,2025
Vog Villa,Fresku,Fresku,41.35465731533013,19.819974283605973,2025
Quiet one bedroom apartament,Laprake,Fresku,41.34865721749687,19.82826513658937,2025
Oen Living Apartment,Selvia,Fresku,41.34499981022937,19.80972725898028,2025
Lovely appart.gj-m.1-4,Laprake,Fresku,41.3451489,19.8269119,2025
Meli Deluxe Apartment 5,Laprake,Fresku,41.34924521002683,19.829914573294065,2025
Lovely appartament 1-D,Fresku,Fresku,41.34603859877733,19.818115197122097,2025
Deni's Family Apartment New BLVD,Fresku,Fresku,41.34613,19.81785,2025
Lovely appartament 1-3,Fresku,Fresku,41.34589890343954,19.818180240690708,2025
Shehu Apartment 2,Selvia,Fresku,41.34542175437958,19.81218705084823,2025
Sakura Center Apartment,Selvia,Fresku,41.34616,19.81406,2025
Meli Deluxe Apartment 2,Laprake,Fresku,41.34934343341448,19.828942444531624,2025
Calming and modern apartment,Fresku,Fresku,41.35488460111425,19.82349269092083,2025
Saranda Room,Selvia,Fresku,41.34581782129474,19.81014698836608,2025
Meli Deluxe Apartment 1,Laprake,Fresku,41.34960585045854,19.82844133135565,2025
Meli Deluxe Apartment 6,Laprake,Fresku,41.34934185916289,19.82990384445801,2025
Lovely appartament C,Fresku,Fresku,41.34606653780891,19.818224161863327,2025
Meli Deluxe Apartment 4,Laprake,Fresku,41.34924768962025,19.829918028513536,2025
Deni's Family Apartment,Fresku,Fresku,41.345878380456746,19.817368365606708,2025
Brand new condo for rent,Laprake,Fresku,41.34914,19.82267,2025
Lovely appartament D,Fresku,Fresku,41.34594672710244,19.81798510998487,2025
Apartament,Fresku,Fresku,41.35002092250912,19.82271753251553,2025
"Luxurious, Relaxing, Quiet Villa",Laprake,Fresku,41.35832842277665,19.828103708858933,2025
apartament kacupi,Fresku,Fresku,41.34591,19.8177,2025
Lovely appartament 1-B,Fresku,Fresku,41.34608214338892,19.81822952628136,2025
Dori Ani,Fresku,Fresku,41.35806888551019,19.82111692428589,2025
Apartment 1+1 near the area 5Maj,Fresku,Fresku,41.35048,19.82275,2025
Nice appartament A-1,Fresku,Fresku,41.34594597199224,19.8182962462306,2025
"lovely appart.g-s,1-8",Laprake,Fresku,41.3451489,19.8269119,2025
πολιτελι βίλα μόνο 5κμ από το κέντρο τον Τριανόν,Laprake,Fresku,41.3566,19.82976,2025
Apartament for Rent,Fresku,Fresku,41.35059,19.82236,2025
"Modern Home with BBQ, Yard & Parking",Fresku,Fresku,41.35790299803335,19.82066565221056,2025
Family apartment up to 6 people,Fresku,Fresku,41.35101985289108,19.82285868376493,2025
Dianahome2,Laprake,Fresku,41.3501884,19.8266665,2025
NAKO Apartment New Boulevard TR,Selvia,Fresku,41.34557275450034,19.810640373541275,2025
"lovely appartament g,s1-3",Laprake,Fresku,41.3451489,19.8269119,2025
Meli Deluxe Apartment 7,Laprake,Fresku,41.34924118297637,19.829995039564512,2025
Meli Deluxe Apartment 3,Laprake,Fresku,41.35084389713155,19.828781074839704,2025
Nice appartament B-1,Fresku,Fresku,41.3459813,19.8183809,2025
Modern calm apartment with garden & open view,Sauk,Sauk,41.29876,19.87379,2025
Enjoy this space away from the noise.,Ali Demi,Sauk,41.31599,19.87088,2025
Private house lakefront,Sauk,Sauk,41.3068,19.86785,2025
Cozy home in city center,Center,Center,41.33232814298408,19.829066321253777,2020
Scandinavian Apartment Near Center & Free Parking,Myslym Shyri,Center,41.331139588620445,19.828143306076527,2018
Cozy White Studio 2 / near New Bazaar,Bulevardi,Center,41.33283341970698,19.82875920832157,2021
Sunny and quiet apartment • Free Private Parking,Bulevardi,Center,41.33782156303917,19.826189004229736,2023
"ApHEARTments 3, City Center, free parking",Myslym Shyri,Center,41.33249,19.82293,2022
Deluxe Room 28 Blloku Area,Blloku,Center,41.32048,19.81763,2021
"ApHEARTments 2, City Center, Free Parking",Myslym Shyri,Center,41.33463,19.82375,2022
Skyline 3 | City Center Blloku | Unique View,Blloku,Center,41.32085,19.81936,2025
Jona lovely apartm city center! Dedicated parking,Myslym Shyri,Center,41.32928,19.8274,2024
"1BR City Gem: Balcony, A/C & Secure Parking",Myslym Shyri,Center,41.33323,19.82289,2019
20°Bs *New Bazaar,Myslym Shyri,Center,41.32870175294938,19.824889115989208,2025
Violet Skander Plaza,Pazari i Ri,Center,41.33075438722658,19.821327018524176,2023
Bazaar|Center Tirana View Apartment|Self Check In,Myslym Shyri,Center,41.332091485959765,19.823638200759888,2025
Central Old Town Tirana apt! 1m/walk from Blvd.,Blloku,Center,41.32366,19.81599,2019
Tirana City Center New Bazaar Essil Flat + Parking,Myslym Shyri,Center,41.33086315269609,19.82540845870972,2025
"Lovely Apartment in ""Blloku""",Blloku,Center,41.32421,19.81776,2019
"Ethos Tirana, Mediterranean vibe near Pazari I Ri.",Bulevardi,Center,41.33505,19.82916,2018
"Ethos Tirana Apt.
Luxury in the heart of Tirana.",Bulevardi,Center,41.33477,19.82971,2018
"""Piazza"" City Center Top Apartment",Blloku,Center,41.33018586987061,19.816765160188293,2024
At Bazaar,Myslym Shyri,Center,41.32994993097543,19.82562130583704,2025
2.Entire Flat City Center-With great Balcony View,Blloku,Center,41.32186,19.81977,2018
"""Pazari i Ri""- at Farmers' Market: 2 beds/2 bath",Myslym Shyri,Center,41.32985,19.82483,2020
Central Superior B @ Enjoy Albania Apartments,Pazari i Ri,Center,41.332966,19.820515,2018
Apartment in Tirana after U.S. Embassy,Pazari i Ri,Center,41.32074818689113,19.828306673016343,2022
The Skyview Penthouse Tirana - Free Parking,Myslym Shyri,Center,41.325361418617895,19.829520904893503,2021
Skanderbeg Green Veranda @Enjoy Albania Apartments,Pazari i Ri,Center,41.328972026956,19.821998270237067,2021
Stay with Evisa - City Center 1,Myslym Shyri,Center,41.33388301379348,19.82031872713561,2025
Luxurious Apartment w/ Parking - Next to the Lake,Shkoza,Shkoza,41.30391153798458,19.818258360028267,2025
Modern Lakefront Apartment,Shkoza,Shkoza,41.30694871719345,19.81349542737007,2025
Lakeside Bliss,Shkoza,Shkoza,41.30959175268907,19.81249264246251,2025
Tranquil Lake Oasis Tirana Balcony Beauty,Shkoza,Shkoza,41.30212887190588,19.81636938902437,2025
Lake New Studio,Kombinat,Shkoza,41.31309870100336,19.8060891777277,2025
Alle's Tirana modern apartment,Shkoza,Shkoza,41.31404003900258,19.8077642172575,2025
One bedroom apartment.,Shkoza,Shkoza,41.30299248555798,19.817799314016742,2025
2BR/2BTh luxury apartment at Lake View Residential,Shkoza,Shkoza,41.31054038114681,19.81159562062379,2025
Stylish Apt.1+1. Near Lake & Center @BonzoHomes,Kombinat,Shkoza,41.31301,19.806006,2025
Modern 2BR Hideout | Quiet Villa + Parking,Kombinat,Shkoza,41.3121763,19.8016968,2025
"Eco, Jona’s Airbnb",Shkoza,Shkoza,41.30826899700976,19.810091458642628,2025
Prestige Lake View Apartment Tirana,Shkoza,Shkoza,41.30452358952488,19.81455589725885,2025
Premium 1 Bedroom Escape | Quiet Stay + Parking,Kombinat,Shkoza,41.31192968384698,19.80300564318896,2025
Economic 2 Bedroom Apartment near Kristal Center,Kombinat,Shkoza,41.31343439298243,19.800955429673195,2025
Liqeni Parku Olimpik Apartament,Shkoza,Shkoza,41.31326557098324,19.80722298836157,2025
Lake View Tirana Apartment,Shkoza,Shkoza,41.3107286,19.8112296,2025
Cozy Apartment with Lake View,Shkoza,Shkoza,41.30763,19.81097,2025
Erga Apartment Tirane,Shkoza,Shkoza,41.30638179094253,19.81333952397108,2025
Sue' apartment 2,Kombinat,Shkoza,41.31278429899101,19.804399309014897,2024
Panoramic Terrace Studio Overlooking Tirana,Shkoza,Shkoza,41.2995575,19.819420374868777,2025
Stylish Flat with Great Location,Kombinat,Shkoza,41.31355803932516,19.80281788855791,2025
Spacious 1 BR Premium Apartment with Free Parking,Kombinat,Shkoza,41.3120666951358,19.802990555763245,2025
Aldo Apartment,Kombinat,Shkoza,41.31297379278755,19.804943178295908,2025
"Fabulous  1 -Bedroom  Apt in Tirana - ""Your Home""",Kombinat,Shkoza,41.31274032592773,19.804981231689453,2022
The Pebble Couch Apartment,Kombinat,Shkoza,41.31381893172296,19.803316108882427,2025
"Stay Inn Lake View D, Tirana, Albania",Shkoza,Shkoza,41.31081,19.81127,2025
Urban Gem Apt - Tirana,Shkoza,Shkoza,41.30678553078866,19.81224097997311,2025
Luxury Lake View Apartment • Private Jacuzzi,Shkoza,Shkoza,41.31172196716435,19.81140755517824,2025
Siel Apartment,Kombinat,Shkoza,41.30659385116454,19.79880709592525,2025
"MB luxury apartments

High-speed Wi-Fi (500 Mbps)",Shkoza,Shkoza,41.30706,19.80905,2025
Bougainvillea luxury Apartment,Shkoza,Shkoza,41.30543,19.81231,2024
7 Floor Luxury Apartment Tirana,Kombinat,Shkoza,41.31419103279565,19.80475777459108,2025
Welcome to our apartment “Eliz oasis”,Shkoza,Shkoza,41.30578,19.81304,2025
Stunning views of Lake Tirana.,Shkoza,Shkoza,41.31054281437438,19.811102226376534,2025
New Born Luxury Apartments near Tirana,Shkoza,Shkoza,41.31431,19.81529,2025
8th Floor Luxury Apartament Tirana,Kombinat,Shkoza,41.3142896694726,19.805851342852783,2025
LakeSide Dream,Shkoza,Shkoza,41.31081834045726,19.81179725378752,2025
Lake View Apartment,Shkoza,Shkoza,41.310679954990256,19.81155075437012,2025
Lake View Apartment Tirana,Shkoza,Shkoza,41.30454723070031,19.812297485768795,2025
Luxury Position!,Shkoza,Shkoza,41.30543,19.81535,2019
Joel Apartment,Shkoza,Shkoza,41.311304136353726,19.81063887476921,2025
Lake View Apartment,Shkoza,Shkoza,41.30321,19.81453,2025
Royal Apartments Tirana,Shkoza,Shkoza,41.3076644,19.811016,2024
Haris Terrace Apartments No.4,Kombinat,Shkoza,41.31248,19.80315,2025
Lucky Apartment,Kombinat,Shkoza,41.31495868416106,19.80765856560671,2025
Deluxe Suite,Shkoza,Shkoza,41.31343,19.81464,2025
Komuna e Parisit Nest 4 - Tirana,Shkoza,Shkoza,41.31497913807802,19.80819608303224,2025
Haris Terrace Apartment No.1,Kombinat,Shkoza,41.31197,19.80223,2025
MP Rooftop Apartment City View,Ali Demi,Ali Demi,41.32850636087423,19.878664053976536,2025
Farka Lake Luxury Villa,Ali Demi,Ali Demi,41.32507690899751,19.870238111821457,2025
MP Studio Apartment Lake View,Ali Demi,Ali Demi,41.32932769784285,19.877895732388986,2025
MP Scandinavian Style Room,Ali Demi,Ali Demi,41.32858012950922,19.878624826669693,2025
Lakeside Premium - Ruby Stay,Ali Demi,Ali Demi,41.326702938821406,19.86514588346627,2025
Lakeside Premium - Nature Stay,Ali Demi,Ali Demi,41.32671,19.86517,2025
Relux Rezidenc Tirane,Astir,Ali Demi,41.33455840474611,19.86041832715273,2025
Vila Guçi,Ali Demi,Ali Demi,41.33104544921822,19.87623500000001,2025
A house where you find relax at Villa Nikol.,Ali Demi,Ali Demi,41.32800045411207,19.878934235543813,2025
MP Studio Apartment Lake View 2,Ali Demi,Ali Demi,41.32842724425038,19.878701604902744,2025
MP Apartment Dajti View,Ali Demi,Ali Demi,41.32895,19.87836,2025
Two bedroom flat near the center of Tirana,Don Bosko,Ali Demi,41.32199,19.8574,2025
Luxurious Villa with 4 bedrooms & big living room,Ali Demi,Ali Demi,41.331226957408006,19.876299169619752,2025
Lake house,Ali Demi,Ali Demi,41.32025608461476,19.858439527451992,2025
Lakeside Premium - Amber Stay,Ali Demi,Ali Demi,41.32765,19.86602,2025
Lake Access | Premium Emerald Stay • 5 Min Walk,Ali Demi,Ali Demi,41.32671,19.86517,2025
Lakeside Premium - Mocha Stay,Ali Demi,Ali Demi,41.32671,19.86517,2025
Lakeside Premium - Amethyst Stay,Ali Demi,Ali Demi,41.32671,19.86516,2025
Cozy Apartments 4/1,Ali Demi,Ali Demi,41.33095630387068,19.87351387739181,2025
MP Rooftop Apartment Dajti View,Ali Demi,Ali Demi,41.32887,19.87909,2025
Tirana Gem: Spacious and Modern,Kodra,Kodra,41.35173,19.84871,2024
Bright guest suit 15 min by bus to center,Kodra,Kodra,41.35644,19.84788,2025
Tirana Heights Apartment,Astir,Kodra,41.35045708031859,19.85917747020721,2025
Medo Villa,Kodra,Kodra,41.3589726055457,19.846365805034665,2025
Green Oasis-Cozy Private House with Balcony & View,Astir,Kodra,41.350271567650445,19.857429616671748,2025
Cozy apartment authentic feel,Liqeni,Kodra,41.34591,19.84579,2025
Cozy Apartments Tirana,Liqeni,Kodra,41.34552702074003,19.839198538160208,2025
Casa di Bruno Tirana,Kodra,Kodra,41.35485,19.84911,2025
"Class Apartment 
104",Astir,Kodra,41.345993424071416,19.84981260037504,2025
Holiday apartaments in Tirana 1+1  apart 103,Liqeni,Kodra,41.34521,19.8402,2025
Your home away from home,Liqeni,Kodra,41.34817295435892,19.841964618385333,2025
Amansar Deluxe Room,Liqeni,Kodra,41.34849,19.8424,2025
Double Room,Astir,Kodra,41.34501,19.85544,2025
Xhemi Apartament,Astir,Kodra,41.3478445430537,19.85714972019196,2025
Modern City Stay,Liqeni,Kodra,41.34561355491167,19.844283599808705,2025
Apartament familjar . Një apartament ne Tirane,Astir,Kodra,41.34604,19.8593,2025
Sunrise mountain view,Kodra,Kodra,41.35895877675651,19.84849752944212,2025
Cozy King Retreat,Liqeni,Kodra,41.34959,19.84109,2025
Sunrise joy 2 bedroom apartment  WI FI TV,Kodra,Kodra,41.35256,19.84533,2025
Modern Studio +  Balcony | Free Parking,Liqeni,Kodra,41.34589,19.84569,2022
Villa Kamila,Kodra,Kodra,41.3566521984421,19.85841437303423,2025
Blloku Sunrise View @ Enjoy Albania Apartments,Blloku,Full Tirana,41.318378369786856,19.81828429472046,2023
East Loft Tirana,Selvia,Full Tirana,41.33018995041216,19.80916801840067,2023
Parkside Design Studio – Lake & Arena,Pazari i Ri,Full Tirana,41.31783847452487,19.827289693057537,2025
Luxury Boutique Apartment |View of Catholic Church,Blloku,Full Tirana,41.327326308048654,19.809207245707512,2024
Blloku Luxury A @ Enjoy Albania Apartments,Blloku,Full Tirana,41.319054,19.814248,2018
"Cozy & Modern Apartment, Tirana, Albania",Selvia,Full Tirana,41.33767044069612,19.805674105882645,2019
Mela’s duplex with a lovely terrace,Blloku,Full Tirana,41.319077,19.814535,2020
Lovely apartment with all you need to feel at home,Blloku,Full Tirana,41.317341,19.812593,2022
Cozy duplex near blloku area,Shkoza,Full Tirana,41.31600954278705,19.813621037295533,2018
"Skyline 18 City View Apartment, Balcony & Parking",Blloku,Full Tirana,41.32678147169237,19.805318377912045,2025
City Center Blloku  mondern Apartment 01,Blloku,Full Tirana,41.31941,19.8152,2022
Deluxe apartment 21 Blloku Area,Blloku,Full Tirana,41.31859,19.81776,2023
Lovely Apartment in Tirana,Kombinat,Full Tirana,41.32529,19.80118,2022
Central Arena Apartment,Pazari i Ri,Full Tirana,41.31804,19.82492,2018
Inntown 6/A - City Center Studio Apartment,Blloku,Full Tirana,41.32569,19.80878,2018
New Gaia Apartments-Willson Square Tirana,Blloku,Full Tirana,41.31769167565188,19.814111664891243,2024
Mimosa House,Blloku,Full Tirana,41.31894340921548,19.816147384278224,2018
Harmonia 3 -Blloku Area- Netflix,Blloku,Full Tirana,41.31668113926344,19.81410127133131,2025
Blloku Urban Pop @ Enjoy Albania Apartments,Blloku,Full Tirana,41.31709261033695,19.81593398954925,2025
Deluxe Room 05 Blloku Area,Blloku,Full Tirana,41.3188,19.81592,2018
"The Wilson @Square, Bllok Area",Blloku,Full Tirana,41.31837,19.81513,2018
Inntown 6/B - City Center Apartment,Blloku,Full Tirana,41.32619,19.80847,2018
Anna's Blloku Apartment 1,Blloku,Full Tirana,41.3179939,19.8134251767,2021
Where luxury meets comfort #3,Blloku,Full Tirana,41.31674886356308,19.81408484280109,2025
Sia's Apartment,Blloku,Full Tirana,41.32701145123195,19.80989257777101,2022
Anna's Blloku Apartment 2,Blloku,Full Tirana,41.3179939,19.8134251767,2021
